Instrument,Expiry_Type,Contract_Month,Scheduled_Expiry,Scheduled_Day,Final_Expiry,Final_Day,Final_Day_Label,Shifted,Days_Moved_Back,Holiday_on_Scheduled?,Rule
BANKNIFTY,Weekly,2019-01,2019-01-03,Thursday,2019-01-03,Thursday,Thursday,No,0,False,BANKNIFTY weekly (Thu)
BANKNIFTY,Weekly,2019-01,2019-01-10,Thursday,2019-01-10,Thursday,Thursday,No,0,False,BANKNIFTY weekly (Thu)
BANKNIFTY,Weekly,2019-01,2019-01-17,Thursday,2019-01-17,Thursday,Thursday,No,0,False,BANKNIFTY weekly (Thu)
BANKNIFTY,Weekly,2019-01,2019-01-24,Thursday,2019-01-24,Thursday,Thursday,No,0,False,BANKNIFTY weekly (Thu)
BANKNIFTY,Monthly,2019-01,2019-01-31,Thursday,2019-01-31,Thursday,Thursday,No,0,False,BANKNIFTY monthly (last Thu)
BANKNIFTY,Weekly,2019-01,2019-01-31,Thursday,2019-01-31,Thursday,Thursday,No,0,False,BANKNIFTY weekly (Thu)
NIFTY,Monthly,2019-01,2019-01-31,Thursday,2019-01-31,Thursday,Thursday,No,0,False,NIFTY monthly (last Thu)
BANKNIFTY,Weekly,2019-02,2019-02-07,Thursday,2019-02-07,Thursday,Thursday,No,0,False,BANKNIFTY weekly (Thu)
BANKNIFTY,Weekly,2019-02,2019-02-14,Thursday,2019-02-14,Thursday,Thursday,No,0,False,BANKNIFTY weekly (Thu)
NIFTY,Weekly,2019-02,2019-02-14,Thursday,2019-02-14,Thursday,Thursday,No,0,False,NIFTY weekly (Thu)
BANKNIFTY,Weekly,2019-02,2019-02-21,Thursday,2019-02-21,Thursday,Thursday,No,0,False,BANKNIFTY weekly (Thu)
NIFTY,Weekly,2019-02,2019-02-21,Thursday,2019-02-21,Thursday,Thursday,No,0,False,NIFTY weekly (Thu)
BANKNIFTY,Monthly,2019-02,2019-02-28,Thursday,2019-02-28,Thursday,Thursday,No,0,False,BANKNIFTY monthly (last Thu)
BANKNIFTY,Weekly,2019-02,2019-02-28,Thursday,2019-02-28,Thursday,Thursday,No,0,False,BANKNIFTY weekly (Thu)
NIFTY,Monthly,2019-02,2019-02-28,Thursday,2019-02-28,Thursday,Thursday,No,0,False,NIFTY monthly (last Thu)
NIFTY,Weekly,2019-02,2019-02-28,Thursday,2019-02-28,Thursday,Thursday,No,0,False,NIFTY weekly (Thu)
BANKNIFTY,Weekly,2019-03,2019-03-07,Thursday,2019-03-07,Thursday,Thursday,No,0,False,BANKNIFTY weekly (Thu)
NIFTY,Weekly,2019-03,2019-03-07,Thursday,2019-03-07,Thursday,Thursday,No,0,False,NIFTY weekly (Thu)
BANKNIFTY,Weekly,2019-03,2019-03-14,Thursday,2019-03-14,Thursday,Thursday,No,0,False,BANKNIFTY weekly (Thu)
NIFTY,Weekly,2019-03,2019-03-14,Thursday,2019-03-14,Thursday,Thursday,No,0,False,NIFTY weekly (Thu)
BANKNIFTY,Weekly,2019-03,2019-03-21,Thursday,2019-03-20,Wednesday,Thursday → Wednesday (holiday shift),Yes,1,True,BANKNIFTY weekly (Thu)
NIFTY,Weekly,2019-03,2019-03-21,Thursday,2019-03-20,Wednesday,Thursday → Wednesday (holiday shift),Yes,1,True,NIFTY weekly (Thu)
BANKNIFTY,Monthly,2019-03,2019-03-28,Thursday,2019-03-28,Thursday,Thursday,No,0,False,BANKNIFTY monthly (last Thu)
BANKNIFTY,Weekly,2019-03,2019-03-28,Thursday,2019-03-28,Thursday,Thursday,No,0,False,BANKNIFTY weekly (Thu)
NIFTY,Monthly,2019-03,2019-03-28,Thursday,2019-03-28,Thursday,Thursday,No,0,False,NIFTY monthly (last Thu)
NIFTY,Weekly,2019-03,2019-03-28,Thursday,2019-03-28,Thursday,Thursday,No,0,False,NIFTY weekly (Thu)
BANKNIFTY,Weekly,2019-04,2019-04-04,Thursday,2019-04-04,Thursday,Thursday,No,0,False,BANKNIFTY weekly (Thu)
NIFTY,Weekly,2019-04,2019-04-04,Thursday,2019-04-04,Thursday,Thursday,No,0,False,NIFTY weekly (Thu)
BANKNIFTY,Weekly,2019-04,2019-04-11,Thursday,2019-04-11,Thursday,Thursday,No,0,False,BANKNIFTY weekly (Thu)
NIFTY,Weekly,2019-04,2019-04-11,Thursday,2019-04-11,Thursday,Thursday,No,0,False,NIFTY weekly (Thu)
BANKNIFTY,Weekly,2019-04,2019-04-18,Thursday,2019-04-18,Thursday,Thursday,No,0,False,BANKNIFTY weekly (Thu)
NIFTY,Weekly,2019-04,2019-04-18,Thursday,2019-04-18,Thursday,Thursday,No,0,False,NIFTY weekly (Thu)
BANKNIFTY,Monthly,2019-04,2019-04-25,Thursday,2019-04-25,Thursday,Thursday,No,0,False,BANKNIFTY monthly (last Thu)
BANKNIFTY,Weekly,2019-04,2019-04-25,Thursday,2019-04-25,Thursday,Thursday,No,0,False,BANKNIFTY weekly (Thu)
NIFTY,Monthly,2019-04,2019-04-25,Thursday,2019-04-25,Thursday,Thursday,No,0,False,NIFTY monthly (last Thu)
NIFTY,Weekly,2019-04,2019-04-25,Thursday,2019-04-25,Thursday,Thursday,No,0,False,NIFTY weekly (Thu)
BANKNIFTY,Weekly,2019-05,2019-05-02,Thursday,2019-05-02,Thursday,Thursday,No,0,False,BANKNIFTY weekly (Thu)
NIFTY,Weekly,2019-05,2019-05-02,Thursday,2019-05-02,Thursday,Thursday,No,0,False,NIFTY weekly (Thu)
BANKNIFTY,Weekly,2019-05,2019-05-09,Thursday,2019-05-09,Thursday,Thursday,No,0,False,BANKNIFTY weekly (Thu)
NIFTY,Weekly,2019-05,2019-05-09,Thursday,2019-05-09,Thursday,Thursday,No,0,False,NIFTY weekly (Thu)
BANKNIFTY,Weekly,2019-05,2019-05-16,Thursday,2019-05-16,Thursday,Thursday,No,0,False,BANKNIFTY weekly (Thu)
NIFTY,Weekly,2019-05,2019-05-16,Thursday,2019-05-16,Thursday,Thursday,No,0,False,NIFTY weekly (Thu)
BANKNIFTY,Weekly,2019-05,2019-05-23,Thursday,2019-05-23,Thursday,Thursday,No,0,False,BANKNIFTY weekly (Thu)
NIFTY,Weekly,2019-05,2019-05-23,Thursday,2019-05-23,Thursday,Thursday,No,0,False,NIFTY weekly (Thu)
BANKNIFTY,Monthly,2019-05,2019-05-30,Thursday,2019-05-30,Thursday,Thursday,No,0,False,BANKNIFTY monthly (last Thu)
BANKNIFTY,Weekly,2019-05,2019-05-30,Thursday,2019-05-30,Thursday,Thursday,No,0,False,BANKNIFTY weekly (Thu)
NIFTY,Monthly,2019-05,2019-05-30,Thursday,2019-05-30,Thursday,Thursday,No,0,False,NIFTY monthly (last Thu)
NIFTY,Weekly,2019-05,2019-05-30,Thursday,2019-05-30,Thursday,Thursday,No,0,False,NIFTY weekly (Thu)
BANKNIFTY,Weekly,2019-06,2019-06-06,Thursday,2019-06-06,Thursday,Thursday,No,0,False,BANKNIFTY weekly (Thu)
NIFTY,Weekly,2019-06,2019-06-06,Thursday,2019-06-06,Thursday,Thursday,No,0,False,NIFTY weekly (Thu)
BANKNIFTY,Weekly,2019-06,2019-06-13,Thursday,2019-06-13,Thursday,Thursday,No,0,False,BANKNIFTY weekly (Thu)
NIFTY,Weekly,2019-06,2019-06-13,Thursday,2019-06-13,Thursday,Thursday,No,0,False,NIFTY weekly (Thu)
BANKNIFTY,Weekly,2019-06,2019-06-20,Thursday,2019-06-20,Thursday,Thursday,No,0,False,BANKNIFTY weekly (Thu)
NIFTY,Weekly,2019-06,2019-06-20,Thursday,2019-06-20,Thursday,Thursday,No,0,False,NIFTY weekly (Thu)
BANKNIFTY,Monthly,2019-06,2019-06-27,Thursday,2019-06-27,Thursday,Thursday,No,0,False,BANKNIFTY monthly (last Thu)
BANKNIFTY,Weekly,2019-06,2019-06-27,Thursday,2019-06-27,Thursday,Thursday,No,0,False,BANKNIFTY weekly (Thu)
NIFTY,Monthly,2019-06,2019-06-27,Thursday,2019-06-27,Thursday,Thursday,No,0,False,NIFTY monthly (last Thu)
NIFTY,Weekly,2019-06,2019-06-27,Thursday,2019-06-27,Thursday,Thursday,No,0,False,NIFTY weekly (Thu)
BANKNIFTY,Weekly,2019-07,2019-07-04,Thursday,2019-07-04,Thursday,Thursday,No,0,False,BANKNIFTY weekly (Thu)
NIFTY,Weekly,2019-07,2019-07-04,Thursday,2019-07-04,Thursday,Thursday,No,0,False,NIFTY weekly (Thu)
BANKNIFTY,Weekly,2019-07,2019-07-11,Thursday,2019-07-11,Thursday,Thursday,No,0,False,BANKNIFTY weekly (Thu)
NIFTY,Weekly,2019-07,2019-07-11,Thursday,2019-07-11,Thursday,Thursday,No,0,False,NIFTY weekly (Thu)
BANKNIFTY,Weekly,2019-07,2019-07-18,Thursday,2019-07-18,Thursday,Thursday,No,0,False,BANKNIFTY weekly (Thu)
NIFTY,Weekly,2019-07,2019-07-18,Thursday,2019-07-18,Thursday,Thursday,No,0,False,NIFTY weekly (Thu)
BANKNIFTY,Monthly,2019-07,2019-07-25,Thursday,2019-07-25,Thursday,Thursday,No,0,False,BANKNIFTY monthly (last Thu)
BANKNIFTY,Weekly,2019-07,2019-07-25,Thursday,2019-07-25,Thursday,Thursday,No,0,False,BANKNIFTY weekly (Thu)
NIFTY,Monthly,2019-07,2019-07-25,Thursday,2019-07-25,Thursday,Thursday,No,0,False,NIFTY monthly (last Thu)
NIFTY,Weekly,2019-07,2019-07-25,Thursday,2019-07-25,Thursday,Thursday,No,0,False,NIFTY weekly (Thu)
BANKNIFTY,Weekly,2019-08,2019-08-01,Thursday,2019-08-01,Thursday,Thursday,No,0,False,BANKNIFTY weekly (Thu)
NIFTY,Weekly,2019-08,2019-08-01,Thursday,2019-08-01,Thursday,Thursday,No,0,False,NIFTY weekly (Thu)
BANKNIFTY,Weekly,2019-08,2019-08-08,Thursday,2019-08-08,Thursday,Thursday,No,0,False,BANKNIFTY weekly (Thu)
NIFTY,Weekly,2019-08,2019-08-08,Thursday,2019-08-08,Thursday,Thursday,No,0,False,NIFTY weekly (Thu)
BANKNIFTY,Weekly,2019-08,2019-08-15,Thursday,2019-08-14,Wednesday,Thursday → Wednesday (holiday shift),Yes,1,True,BANKNIFTY weekly (Thu)
NIFTY,Weekly,2019-08,2019-08-15,Thursday,2019-08-14,Wednesday,Thursday → Wednesday (holiday shift),Yes,1,True,NIFTY weekly (Thu)
BANKNIFTY,Weekly,2019-08,2019-08-22,Thursday,2019-08-22,Thursday,Thursday,No,0,False,BANKNIFTY weekly (Thu)
NIFTY,Weekly,2019-08,2019-08-22,Thursday,2019-08-22,Thursday,Thursday,No,0,False,NIFTY weekly (Thu)
BANKNIFTY,Monthly,2019-08,2019-08-29,Thursday,2019-08-29,Thursday,Thursday,No,0,False,BANKNIFTY monthly (last Thu)
BANKNIFTY,Weekly,2019-08,2019-08-29,Thursday,2019-08-29,Thursday,Thursday,No,0,False,BANKNIFTY weekly (Thu)
NIFTY,Monthly,2019-08,2019-08-29,Thursday,2019-08-29,Thursday,Thursday,No,0,False,NIFTY monthly (last Thu)
NIFTY,Weekly,2019-08,2019-08-29,Thursday,2019-08-29,Thursday,Thursday,No,0,False,NIFTY weekly (Thu)
BANKNIFTY,Weekly,2019-09,2019-09-05,Thursday,2019-09-05,Thursday,Thursday,No,0,False,BANKNIFTY weekly (Thu)
NIFTY,Weekly,2019-09,2019-09-05,Thursday,2019-09-05,Thursday,Thursday,No,0,False,NIFTY weekly (Thu)
BANKNIFTY,Weekly,2019-09,2019-09-12,Thursday,2019-09-12,Thursday,Thursday,No,0,False,BANKNIFTY weekly (Thu)
NIFTY,Weekly,2019-09,2019-09-12,Thursday,2019-09-12,Thursday,Thursday,No,0,False,NIFTY weekly (Thu)
BANKNIFTY,Weekly,2019-09,2019-09-19,Thursday,2019-09-19,Thursday,Thursday,No,0,False,BANKNIFTY weekly (Thu)
NIFTY,Weekly,2019-09,2019-09-19,Thursday,2019-09-19,Thursday,Thursday,No,0,False,NIFTY weekly (Thu)
BANKNIFTY,Monthly,2019-09,2019-09-26,Thursday,2019-09-26,Thursday,Thursday,No,0,False,BANKNIFTY monthly (last Thu)
BANKNIFTY,Weekly,2019-09,2019-09-26,Thursday,2019-09-26,Thursday,Thursday,No,0,False,BANKNIFTY weekly (Thu)
NIFTY,Monthly,2019-09,2019-09-26,Thursday,2019-09-26,Thursday,Thursday,No,0,False,NIFTY monthly (last Thu)
NIFTY,Weekly,2019-09,2019-09-26,Thursday,2019-09-26,Thursday,Thursday,No,0,False,NIFTY weekly (Thu)
BANKNIFTY,Weekly,2019-10,2019-10-03,Thursday,2019-10-03,Thursday,Thursday,No,0,False,BANKNIFTY weekly (Thu)
NIFTY,Weekly,2019-10,2019-10-03,Thursday,2019-10-03,Thursday,Thursday,No,0,False,NIFTY weekly (Thu)
BANKNIFTY,Weekly,2019-10,2019-10-10,Thursday,2019-10-10,Thursday,Thursday,No,0,False,BANKNIFTY weekly (Thu)
NIFTY,Weekly,2019-10,2019-10-10,Thursday,2019-10-10,Thursday,Thursday,No,0,False,NIFTY weekly (Thu)
BANKNIFTY,Weekly,2019-10,2019-10-17,Thursday,2019-10-17,Thursday,Thursday,No,0,False,BANKNIFTY weekly (Thu)
NIFTY,Weekly,2019-10,2019-10-17,Thursday,2019-10-17,Thursday,Thursday,No,0,False,NIFTY weekly (Thu)
BANKNIFTY,Weekly,2019-10,2019-10-24,Thursday,2019-10-24,Thursday,Thursday,No,0,False,BANKNIFTY weekly (Thu)
NIFTY,Weekly,2019-10,2019-10-24,Thursday,2019-10-24,Thursday,Thursday,No,0,False,NIFTY weekly (Thu)
BANKNIFTY,Monthly,2019-10,2019-10-31,Thursday,2019-10-31,Thursday,Thursday,No,0,False,BANKNIFTY monthly (last Thu)
BANKNIFTY,Weekly,2019-10,2019-10-31,Thursday,2019-10-31,Thursday,Thursday,No,0,False,BANKNIFTY weekly (Thu)
NIFTY,Monthly,2019-10,2019-10-31,Thursday,2019-10-31,Thursday,Thursday,No,0,False,NIFTY monthly (last Thu)
NIFTY,Weekly,2019-10,2019-10-31,Thursday,2019-10-31,Thursday,Thursday,No,0,False,NIFTY weekly (Thu)
BANKNIFTY,Weekly,2019-11,2019-11-07,Thursday,2019-11-07,Thursday,Thursday,No,0,False,BANKNIFTY weekly (Thu)
NIFTY,Weekly,2019-11,2019-11-07,Thursday,2019-11-07,Thursday,Thursday,No,0,False,NIFTY weekly (Thu)
BANKNIFTY,Weekly,2019-11,2019-11-14,Thursday,2019-11-14,Thursday,Thursday,No,0,False,BANKNIFTY weekly (Thu)
NIFTY,Weekly,2019-11,2019-11-14,Thursday,2019-11-14,Thursday,Thursday,No,0,False,NIFTY weekly (Thu)
BANKNIFTY,Weekly,2019-11,2019-11-21,Thursday,2019-11-21,Thursday,Thursday,No,0,False,BANKNIFTY weekly (Thu)
NIFTY,Weekly,2019-11,2019-11-21,Thursday,2019-11-21,Thursday,Thursday,No,0,False,NIFTY weekly (Thu)
BANKNIFTY,Monthly,2019-11,2019-11-28,Thursday,2019-11-28,Thursday,Thursday,No,0,False,BANKNIFTY monthly (last Thu)
BANKNIFTY,Weekly,2019-11,2019-11-28,Thursday,2019-11-28,Thursday,Thursday,No,0,False,BANKNIFTY weekly (Thu)
NIFTY,Monthly,2019-11,2019-11-28,Thursday,2019-11-28,Thursday,Thursday,No,0,False,NIFTY monthly (last Thu)
NIFTY,Weekly,2019-11,2019-11-28,Thursday,2019-11-28,Thursday,Thursday,No,0,False,NIFTY weekly (Thu)
BANKNIFTY,Weekly,2019-12,2019-12-05,Thursday,2019-12-05,Thursday,Thursday,No,0,False,BANKNIFTY weekly (Thu)
NIFTY,Weekly,2019-12,2019-12-05,Thursday,2019-12-05,Thursday,Thursday,No,0,False,NIFTY weekly (Thu)
BANKNIFTY,Weekly,2019-12,2019-12-12,Thursday,2019-12-12,Thursday,Thursday,No,0,False,BANKNIFTY weekly (Thu)
NIFTY,Weekly,2019-12,2019-12-12,Thursday,2019-12-12,Thursday,Thursday,No,0,False,NIFTY weekly (Thu)
BANKNIFTY,Weekly,2019-12,2019-12-19,Thursday,2019-12-19,Thursday,Thursday,No,0,False,BANKNIFTY weekly (Thu)
NIFTY,Weekly,2019-12,2019-12-19,Thursday,2019-12-19,Thursday,Thursday,No,0,False,NIFTY weekly (Thu)
BANKNIFTY,Monthly,2019-12,2019-12-26,Thursday,2019-12-26,Thursday,Thursday,No,0,False,BANKNIFTY monthly (last Thu)
BANKNIFTY,Weekly,2019-12,2019-12-26,Thursday,2019-12-26,Thursday,Thursday,No,0,False,BANKNIFTY weekly (Thu)
NIFTY,Monthly,2019-12,2019-12-26,Thursday,2019-12-26,Thursday,Thursday,No,0,False,NIFTY monthly (last Thu)
NIFTY,Weekly,2019-12,2019-12-26,Thursday,2019-12-26,Thursday,Thursday,No,0,False,NIFTY weekly (Thu)
BANKNIFTY,Weekly,2020-01,2020-01-02,Thursday,2020-01-02,Thursday,Thursday,No,0,False,BANKNIFTY weekly (Thu)
NIFTY,Weekly,2020-01,2020-01-02,Thursday,2020-01-02,Thursday,Thursday,No,0,False,NIFTY weekly (Thu)
BANKNIFTY,Weekly,2020-01,2020-01-09,Thursday,2020-01-09,Thursday,Thursday,No,0,False,BANKNIFTY weekly (Thu)
NIFTY,Weekly,2020-01,2020-01-09,Thursday,2020-01-09,Thursday,Thursday,No,0,False,NIFTY weekly (Thu)
BANKNIFTY,Weekly,2020-01,2020-01-16,Thursday,2020-01-16,Thursday,Thursday,No,0,False,BANKNIFTY weekly (Thu)
NIFTY,Weekly,2020-01,2020-01-16,Thursday,2020-01-16,Thursday,Thursday,No,0,False,NIFTY weekly (Thu)
BANKNIFTY,Weekly,2020-01,2020-01-23,Thursday,2020-01-23,Thursday,Thursday,No,0,False,BANKNIFTY weekly (Thu)
NIFTY,Weekly,2020-01,2020-01-23,Thursday,2020-01-23,Thursday,Thursday,No,0,False,NIFTY weekly (Thu)
BANKNIFTY,Monthly,2020-01,2020-01-30,Thursday,2020-01-30,Thursday,Thursday,No,0,False,BANKNIFTY monthly (last Thu)
BANKNIFTY,Weekly,2020-01,2020-01-30,Thursday,2020-01-30,Thursday,Thursday,No,0,False,BANKNIFTY weekly (Thu)
NIFTY,Monthly,2020-01,2020-01-30,Thursday,2020-01-30,Thursday,Thursday,No,0,False,NIFTY monthly (last Thu)
NIFTY,Weekly,2020-01,2020-01-30,Thursday,2020-01-30,Thursday,Thursday,No,0,False,NIFTY weekly (Thu)
BANKNIFTY,Weekly,2020-02,2020-02-06,Thursday,2020-02-06,Thursday,Thursday,No,0,False,BANKNIFTY weekly (Thu)
NIFTY,Weekly,2020-02,2020-02-06,Thursday,2020-02-06,Thursday,Thursday,No,0,False,NIFTY weekly (Thu)
BANKNIFTY,Weekly,2020-02,2020-02-13,Thursday,2020-02-13,Thursday,Thursday,No,0,False,BANKNIFTY weekly (Thu)
NIFTY,Weekly,2020-02,2020-02-13,Thursday,2020-02-13,Thursday,Thursday,No,0,False,NIFTY weekly (Thu)
BANKNIFTY,Weekly,2020-02,2020-02-20,Thursday,2020-02-20,Thursday,Thursday,No,0,False,BANKNIFTY weekly (Thu)
NIFTY,Weekly,2020-02,2020-02-20,Thursday,2020-02-20,Thursday,Thursday,No,0,False,NIFTY weekly (Thu)
BANKNIFTY,Monthly,2020-02,2020-02-27,Thursday,2020-02-27,Thursday,Thursday,No,0,False,BANKNIFTY monthly (last Thu)
BANKNIFTY,Weekly,2020-02,2020-02-27,Thursday,2020-02-27,Thursday,Thursday,No,0,False,BANKNIFTY weekly (Thu)
NIFTY,Monthly,2020-02,2020-02-27,Thursday,2020-02-27,Thursday,Thursday,No,0,False,NIFTY monthly (last Thu)
NIFTY,Weekly,2020-02,2020-02-27,Thursday,2020-02-27,Thursday,Thursday,No,0,False,NIFTY weekly (Thu)
BANKNIFTY,Weekly,2020-03,2020-03-05,Thursday,2020-03-05,Thursday,Thursday,No,0,False,BANKNIFTY weekly (Thu)
NIFTY,Weekly,2020-03,2020-03-05,Thursday,2020-03-05,Thursday,Thursday,No,0,False,NIFTY weekly (Thu)
BANKNIFTY,Weekly,2020-03,2020-03-12,Thursday,2020-03-12,Thursday,Thursday,No,0,False,BANKNIFTY weekly (Thu)
NIFTY,Weekly,2020-03,2020-03-12,Thursday,2020-03-12,Thursday,Thursday,No,0,False,NIFTY weekly (Thu)
BANKNIFTY,Weekly,2020-03,2020-03-19,Thursday,2020-03-19,Thursday,Thursday,No,0,False,BANKNIFTY weekly (Thu)
NIFTY,Weekly,2020-03,2020-03-19,Thursday,2020-03-19,Thursday,Thursday,No,0,False,NIFTY weekly (Thu)
BANKNIFTY,Monthly,2020-03,2020-03-26,Thursday,2020-03-26,Thursday,Thursday,No,0,False,BANKNIFTY monthly (last Thu)
BANKNIFTY,Weekly,2020-03,2020-03-26,Thursday,2020-03-26,Thursday,Thursday,No,0,False,BANKNIFTY weekly (Thu)
NIFTY,Monthly,2020-03,2020-03-26,Thursday,2020-03-26,Thursday,Thursday,No,0,False,NIFTY monthly (last Thu)
NIFTY,Weekly,2020-03,2020-03-26,Thursday,2020-03-26,Thursday,Thursday,No,0,False,NIFTY weekly (Thu)
BANKNIFTY,Weekly,2020-04,2020-04-02,Thursday,2020-04-01,Wednesday,Thursday → Wednesday (holiday shift),Yes,1,True,BANKNIFTY weekly (Thu)
NIFTY,Weekly,2020-04,2020-04-02,Thursday,2020-04-01,Wednesday,Thursday → Wednesday (holiday shift),Yes,1,True,NIFTY weekly (Thu)
BANKNIFTY,Weekly,2020-04,2020-04-09,Thursday,2020-04-09,Thursday,Thursday,No,0,False,BANKNIFTY weekly (Thu)
NIFTY,Weekly,2020-04,2020-04-09,Thursday,2020-04-09,Thursday,Thursday,No,0,False,NIFTY weekly (Thu)
BANKNIFTY,Weekly,2020-04,2020-04-16,Thursday,2020-04-16,Thursday,Thursday,No,0,False,BANKNIFTY weekly (Thu)
NIFTY,Weekly,2020-04,2020-04-16,Thursday,2020-04-16,Thursday,Thursday,No,0,False,NIFTY weekly (Thu)
BANKNIFTY,Weekly,2020-04,2020-04-23,Thursday,2020-04-23,Thursday,Thursday,No,0,False,BANKNIFTY weekly (Thu)
NIFTY,Weekly,2020-04,2020-04-23,Thursday,2020-04-23,Thursday,Thursday,No,0,False,NIFTY weekly (Thu)
BANKNIFTY,Monthly,2020-04,2020-04-30,Thursday,2020-04-30,Thursday,Thursday,No,0,False,BANKNIFTY monthly (last Thu)
BANKNIFTY,Weekly,2020-04,2020-04-30,Thursday,2020-04-30,Thursday,Thursday,No,0,False,BANKNIFTY weekly (Thu)
NIFTY,Monthly,2020-04,2020-04-30,Thursday,2020-04-30,Thursday,Thursday,No,0,False,NIFTY monthly (last Thu)
NIFTY,Weekly,2020-04,2020-04-30,Thursday,2020-04-30,Thursday,Thursday,No,0,False,NIFTY weekly (Thu)
BANKNIFTY,Weekly,2020-05,2020-05-07,Thursday,2020-05-07,Thursday,Thursday,No,0,False,BANKNIFTY weekly (Thu)
NIFTY,Weekly,2020-05,2020-05-07,Thursday,2020-05-07,Thursday,Thursday,No,0,False,NIFTY weekly (Thu)
BANKNIFTY,Weekly,2020-05,2020-05-14,Thursday,2020-05-14,Thursday,Thursday,No,0,False,BANKNIFTY weekly (Thu)
NIFTY,Weekly,2020-05,2020-05-14,Thursday,2020-05-14,Thursday,Thursday,No,0,False,NIFTY weekly (Thu)
BANKNIFTY,Weekly,2020-05,2020-05-21,Thursday,2020-05-21,Thursday,Thursday,No,0,False,BANKNIFTY weekly (Thu)
NIFTY,Weekly,2020-05,2020-05-21,Thursday,2020-05-21,Thursday,Thursday,No,0,False,NIFTY weekly (Thu)
BANKNIFTY,Monthly,2020-05,2020-05-28,Thursday,2020-05-28,Thursday,Thursday,No,0,False,BANKNIFTY monthly (last Thu)
BANKNIFTY,Weekly,2020-05,2020-05-28,Thursday,2020-05-28,Thursday,Thursday,No,0,False,BANKNIFTY weekly (Thu)
NIFTY,Monthly,2020-05,2020-05-28,Thursday,2020-05-28,Thursday,Thursday,No,0,False,NIFTY monthly (last Thu)
NIFTY,Weekly,2020-05,2020-05-28,Thursday,2020-05-28,Thursday,Thursday,No,0,False,NIFTY weekly (Thu)
BANKNIFTY,Weekly,2020-06,2020-06-04,Thursday,2020-06-04,Thursday,Thursday,No,0,False,BANKNIFTY weekly (Thu)
NIFTY,Weekly,2020-06,2020-06-04,Thursday,2020-06-04,Thursday,Thursday,No,0,False,NIFTY weekly (Thu)
BANKNIFTY,Weekly,2020-06,2020-06-11,Thursday,2020-06-11,Thursday,Thursday,No,0,False,BANKNIFTY weekly (Thu)
NIFTY,Weekly,2020-06,2020-06-11,Thursday,2020-06-11,Thursday,Thursday,No,0,False,NIFTY weekly (Thu)
BANKNIFTY,Weekly,2020-06,2020-06-18,Thursday,2020-06-18,Thursday,Thursday,No,0,False,BANKNIFTY weekly (Thu)
NIFTY,Weekly,2020-06,2020-06-18,Thursday,2020-06-18,Thursday,Thursday,No,0,False,NIFTY weekly (Thu)
BANKNIFTY,Monthly,2020-06,2020-06-25,Thursday,2020-06-25,Thursday,Thursday,No,0,False,BANKNIFTY monthly (last Thu)
BANKNIFTY,Weekly,2020-06,2020-06-25,Thursday,2020-06-25,Thursday,Thursday,No,0,False,BANKNIFTY weekly (Thu)
NIFTY,Monthly,2020-06,2020-06-25,Thursday,2020-06-25,Thursday,Thursday,No,0,False,NIFTY monthly (last Thu)
NIFTY,Weekly,2020-06,2020-06-25,Thursday,2020-06-25,Thursday,Thursday,No,0,False,NIFTY weekly (Thu)
BANKNIFTY,Weekly,2020-07,2020-07-02,Thursday,2020-07-02,Thursday,Thursday,No,0,False,BANKNIFTY weekly (Thu)
NIFTY,Weekly,2020-07,2020-07-02,Thursday,2020-07-02,Thursday,Thursday,No,0,False,NIFTY weekly (Thu)
BANKNIFTY,Weekly,2020-07,2020-07-09,Thursday,2020-07-09,Thursday,Thursday,No,0,False,BANKNIFTY weekly (Thu)
NIFTY,Weekly,2020-07,2020-07-09,Thursday,2020-07-09,Thursday,Thursday,No,0,False,NIFTY weekly (Thu)
BANKNIFTY,Weekly,2020-07,2020-07-16,Thursday,2020-07-16,Thursday,Thursday,No,0,False,BANKNIFTY weekly (Thu)
NIFTY,Weekly,2020-07,2020-07-16,Thursday,2020-07-16,Thursday,Thursday,No,0,False,NIFTY weekly (Thu)
BANKNIFTY,Weekly,2020-07,2020-07-23,Thursday,2020-07-23,Thursday,Thursday,No,0,False,BANKNIFTY weekly (Thu)
NIFTY,Weekly,2020-07,2020-07-23,Thursday,2020-07-23,Thursday,Thursday,No,0,False,NIFTY weekly (Thu)
BANKNIFTY,Monthly,2020-07,2020-07-30,Thursday,2020-07-30,Thursday,Thursday,No,0,False,BANKNIFTY monthly (last Thu)
BANKNIFTY,Weekly,2020-07,2020-07-30,Thursday,2020-07-30,Thursday,Thursday,No,0,False,BANKNIFTY weekly (Thu)
NIFTY,Monthly,2020-07,2020-07-30,Thursday,2020-07-30,Thursday,Thursday,No,0,False,NIFTY monthly (last Thu)
NIFTY,Weekly,2020-07,2020-07-30,Thursday,2020-07-30,Thursday,Thursday,No,0,False,NIFTY weekly (Thu)
BANKNIFTY,Weekly,2020-08,2020-08-06,Thursday,2020-08-06,Thursday,Thursday,No,0,False,BANKNIFTY weekly (Thu)
NIFTY,Weekly,2020-08,2020-08-06,Thursday,2020-08-06,Thursday,Thursday,No,0,False,NIFTY weekly (Thu)
BANKNIFTY,Weekly,2020-08,2020-08-13,Thursday,2020-08-13,Thursday,Thursday,No,0,False,BANKNIFTY weekly (Thu)
NIFTY,Weekly,2020-08,2020-08-13,Thursday,2020-08-13,Thursday,Thursday,No,0,False,NIFTY weekly (Thu)
BANKNIFTY,Weekly,2020-08,2020-08-20,Thursday,2020-08-20,Thursday,Thursday,No,0,False,BANKNIFTY weekly (Thu)
NIFTY,Weekly,2020-08,2020-08-20,Thursday,2020-08-20,Thursday,Thursday,No,0,False,NIFTY weekly (Thu)
BANKNIFTY,Monthly,2020-08,2020-08-27,Thursday,2020-08-27,Thursday,Thursday,No,0,False,BANKNIFTY monthly (last Thu)
BANKNIFTY,Weekly,2020-08,2020-08-27,Thursday,2020-08-27,Thursday,Thursday,No,0,False,BANKNIFTY weekly (Thu)
NIFTY,Monthly,2020-08,2020-08-27,Thursday,2020-08-27,Thursday,Thursday,No,0,False,NIFTY monthly (last Thu)
NIFTY,Weekly,2020-08,2020-08-27,Thursday,2020-08-27,Thursday,Thursday,No,0,False,NIFTY weekly (Thu)
BANKNIFTY,Weekly,2020-09,2020-09-03,Thursday,2020-09-03,Thursday,Thursday,No,0,False,BANKNIFTY weekly (Thu)
NIFTY,Weekly,2020-09,2020-09-03,Thursday,2020-09-03,Thursday,Thursday,No,0,False,NIFTY weekly (Thu)
BANKNIFTY,Weekly,2020-09,2020-09-10,Thursday,2020-09-10,Thursday,Thursday,No,0,False,BANKNIFTY weekly (Thu)
NIFTY,Weekly,2020-09,2020-09-10,Thursday,2020-09-10,Thursday,Thursday,No,0,False,NIFTY weekly (Thu)
BANKNIFTY,Weekly,2020-09,2020-09-17,Thursday,2020-09-17,Thursday,Thursday,No,0,False,BANKNIFTY weekly (Thu)
NIFTY,Weekly,2020-09,2020-09-17,Thursday,2020-09-17,Thursday,Thursday,No,0,False,NIFTY weekly (Thu)
BANKNIFTY,Monthly,2020-09,2020-09-24,Thursday,2020-09-24,Thursday,Thursday,No,0,False,BANKNIFTY monthly (last Thu)
BANKNIFTY,Weekly,2020-09,2020-09-24,Thursday,2020-09-24,Thursday,Thursday,No,0,False,BANKNIFTY weekly (Thu)
NIFTY,Monthly,2020-09,2020-09-24,Thursday,2020-09-24,Thursday,Thursday,No,0,False,NIFTY monthly (last Thu)
NIFTY,Weekly,2020-09,2020-09-24,Thursday,2020-09-24,Thursday,Thursday,No,0,False,NIFTY weekly (Thu)
BANKNIFTY,Weekly,2020-10,2020-10-01,Thursday,2020-10-01,Thursday,Thursday,No,0,False,BANKNIFTY weekly (Thu)
NIFTY,Weekly,2020-10,2020-10-01,Thursday,2020-10-01,Thursday,Thursday,No,0,False,NIFTY weekly (Thu)
BANKNIFTY,Weekly,2020-10,2020-10-08,Thursday,2020-10-08,Thursday,Thursday,No,0,False,BANKNIFTY weekly (Thu)
NIFTY,Weekly,2020-10,2020-10-08,Thursday,2020-10-08,Thursday,Thursday,No,0,False,NIFTY weekly (Thu)
BANKNIFTY,Weekly,2020-10,2020-10-15,Thursday,2020-10-15,Thursday,Thursday,No,0,False,BANKNIFTY weekly (Thu)
NIFTY,Weekly,2020-10,2020-10-15,Thursday,2020-10-15,Thursday,Thursday,No,0,False,NIFTY weekly (Thu)
BANKNIFTY,Weekly,2020-10,2020-10-22,Thursday,2020-10-22,Thursday,Thursday,No,0,False,BANKNIFTY weekly (Thu)
NIFTY,Weekly,2020-10,2020-10-22,Thursday,2020-10-22,Thursday,Thursday,No,0,False,NIFTY weekly (Thu)
BANKNIFTY,Monthly,2020-10,2020-10-29,Thursday,2020-10-29,Thursday,Thursday,No,0,False,BANKNIFTY monthly (last Thu)
BANKNIFTY,Weekly,2020-10,2020-10-29,Thursday,2020-10-29,Thursday,Thursday,No,0,False,BANKNIFTY weekly (Thu)
NIFTY,Monthly,2020-10,2020-10-29,Thursday,2020-10-29,Thursday,Thursday,No,0,False,NIFTY monthly (last Thu)
NIFTY,Weekly,2020-10,2020-10-29,Thursday,2020-10-29,Thursday,Thursday,No,0,False,NIFTY weekly (Thu)
BANKNIFTY,Weekly,2020-11,2020-11-05,Thursday,2020-11-05,Thursday,Thursday,No,0,False,BANKNIFTY weekly (Thu)
NIFTY,Weekly,2020-11,2020-11-05,Thursday,2020-11-05,Thursday,Thursday,No,0,False,NIFTY weekly (Thu)
BANKNIFTY,Weekly,2020-11,2020-11-12,Thursday,2020-11-12,Thursday,Thursday,No,0,False,BANKNIFTY weekly (Thu)
NIFTY,Weekly,2020-11,2020-11-12,Thursday,2020-11-12,Thursday,Thursday,No,0,False,NIFTY weekly (Thu)
BANKNIFTY,Weekly,2020-11,2020-11-19,Thursday,2020-11-19,Thursday,Thursday,No,0,False,BANKNIFTY weekly (Thu)
NIFTY,Weekly,2020-11,2020-11-19,Thursday,2020-11-19,Thursday,Thursday,No,0,False,NIFTY weekly (Thu)
BANKNIFTY,Monthly,2020-11,2020-11-26,Thursday,2020-11-26,Thursday,Thursday,No,0,False,BANKNIFTY monthly (last Thu)
BANKNIFTY,Weekly,2020-11,2020-11-26,Thursday,2020-11-26,Thursday,Thursday,No,0,False,BANKNIFTY weekly (Thu)
NIFTY,Monthly,2020-11,2020-11-26,Thursday,2020-11-26,Thursday,Thursday,No,0,False,NIFTY monthly (last Thu)
NIFTY,Weekly,2020-11,2020-11-26,Thursday,2020-11-26,Thursday,Thursday,No,0,False,NIFTY weekly (Thu)
BANKNIFTY,Weekly,2020-12,2020-12-03,Thursday,2020-12-03,Thursday,Thursday,No,0,False,BANKNIFTY weekly (Thu)
NIFTY,Weekly,2020-12,2020-12-03,Thursday,2020-12-03,Thursday,Thursday,No,0,False,NIFTY weekly (Thu)
BANKNIFTY,Weekly,2020-12,2020-12-10,Thursday,2020-12-10,Thursday,Thursday,No,0,False,BANKNIFTY weekly (Thu)
NIFTY,Weekly,2020-12,2020-12-10,Thursday,2020-12-10,Thursday,Thursday,No,0,False,NIFTY weekly (Thu)
BANKNIFTY,Weekly,2020-12,2020-12-17,Thursday,2020-12-17,Thursday,Thursday,No,0,False,BANKNIFTY weekly (Thu)
NIFTY,Weekly,2020-12,2020-12-17,Thursday,2020-12-17,Thursday,Thursday,No,0,False,NIFTY weekly (Thu)
BANKNIFTY,Weekly,2020-12,2020-12-24,Thursday,2020-12-24,Thursday,Thursday,No,0,False,BANKNIFTY weekly (Thu)
NIFTY,Weekly,2020-12,2020-12-24,Thursday,2020-12-24,Thursday,Thursday,No,0,False,NIFTY weekly (Thu)
BANKNIFTY,Monthly,2020-12,2020-12-31,Thursday,2020-12-31,Thursday,Thursday,No,0,False,BANKNIFTY monthly (last Thu)
BANKNIFTY,Weekly,2020-12,2020-12-31,Thursday,2020-12-31,Thursday,Thursday,No,0,False,BANKNIFTY weekly (Thu)
NIFTY,Monthly,2020-12,2020-12-31,Thursday,2020-12-31,Thursday,Thursday,No,0,False,NIFTY monthly (last Thu)
NIFTY,Weekly,2020-12,2020-12-31,Thursday,2020-12-31,Thursday,Thursday,No,0,False,NIFTY weekly (Thu)
BANKNIFTY,Weekly,2021-01,2021-01-07,Thursday,2021-01-07,Thursday,Thursday,No,0,False,BANKNIFTY weekly (Thu)
NIFTY,Weekly,2021-01,2021-01-07,Thursday,2021-01-07,Thursday,Thursday,No,0,False,NIFTY weekly (Thu)
BANKNIFTY,Weekly,2021-01,2021-01-14,Thursday,2021-01-14,Thursday,Thursday,No,0,False,BANKNIFTY weekly (Thu)
NIFTY,Weekly,2021-01,2021-01-14,Thursday,2021-01-14,Thursday,Thursday,No,0,False,NIFTY weekly (Thu)
BANKNIFTY,Weekly,2021-01,2021-01-21,Thursday,2021-01-21,Thursday,Thursday,No,0,False,BANKNIFTY weekly (Thu)
NIFTY,Weekly,2021-01,2021-01-21,Thursday,2021-01-21,Thursday,Thursday,No,0,False,NIFTY weekly (Thu)
BANKNIFTY,Monthly,2021-01,2021-01-28,Thursday,2021-01-28,Thursday,Thursday,No,0,False,BANKNIFTY monthly (last Thu)
BANKNIFTY,Weekly,2021-01,2021-01-28,Thursday,2021-01-28,Thursday,Thursday,No,0,False,BANKNIFTY weekly (Thu)
NIFTY,Monthly,2021-01,2021-01-28,Thursday,2021-01-28,Thursday,Thursday,No,0,False,NIFTY monthly (last Thu)
NIFTY,Weekly,2021-01,2021-01-28,Thursday,2021-01-28,Thursday,Thursday,No,0,False,NIFTY weekly (Thu)
BANKNIFTY,Weekly,2021-02,2021-02-04,Thursday,2021-02-04,Thursday,Thursday,No,0,False,BANKNIFTY weekly (Thu)
NIFTY,Weekly,2021-02,2021-02-04,Thursday,2021-02-04,Thursday,Thursday,No,0,False,NIFTY weekly (Thu)
BANKNIFTY,Weekly,2021-02,2021-02-11,Thursday,2021-02-11,Thursday,Thursday,No,0,False,BANKNIFTY weekly (Thu)
NIFTY,Weekly,2021-02,2021-02-11,Thursday,2021-02-11,Thursday,Thursday,No,0,False,NIFTY weekly (Thu)
BANKNIFTY,Weekly,2021-02,2021-02-18,Thursday,2021-02-18,Thursday,Thursday,No,0,False,BANKNIFTY weekly (Thu)
NIFTY,Weekly,2021-02,2021-02-18,Thursday,2021-02-18,Thursday,Thursday,No,0,False,NIFTY weekly (Thu)
BANKNIFTY,Monthly,2021-02,2021-02-25,Thursday,2021-02-25,Thursday,Thursday,No,0,False,BANKNIFTY monthly (last Thu)
BANKNIFTY,Weekly,2021-02,2021-02-25,Thursday,2021-02-25,Thursday,Thursday,No,0,False,BANKNIFTY weekly (Thu)
NIFTY,Monthly,2021-02,2021-02-25,Thursday,2021-02-25,Thursday,Thursday,No,0,False,NIFTY monthly (last Thu)
NIFTY,Weekly,2021-02,2021-02-25,Thursday,2021-02-25,Thursday,Thursday,No,0,False,NIFTY weekly (Thu)
BANKNIFTY,Weekly,2021-03,2021-03-04,Thursday,2021-03-04,Thursday,Thursday,No,0,False,BANKNIFTY weekly (Thu)
NIFTY,Weekly,2021-03,2021-03-04,Thursday,2021-03-04,Thursday,Thursday,No,0,False,NIFTY weekly (Thu)
BANKNIFTY,Weekly,2021-03,2021-03-11,Thursday,2021-03-10,Wednesday,Thursday → Wednesday (holiday shift),Yes,1,True,BANKNIFTY weekly (Thu)
NIFTY,Weekly,2021-03,2021-03-11,Thursday,2021-03-10,Wednesday,Thursday → Wednesday (holiday shift),Yes,1,True,NIFTY weekly (Thu)
BANKNIFTY,Weekly,2021-03,2021-03-18,Thursday,2021-03-18,Thursday,Thursday,No,0,False,BANKNIFTY weekly (Thu)
NIFTY,Weekly,2021-03,2021-03-18,Thursday,2021-03-18,Thursday,Thursday,No,0,False,NIFTY weekly (Thu)
BANKNIFTY,Monthly,2021-03,2021-03-25,Thursday,2021-03-25,Thursday,Thursday,No,0,False,BANKNIFTY monthly (last Thu)
BANKNIFTY,Weekly,2021-03,2021-03-25,Thursday,2021-03-25,Thursday,Thursday,No,0,False,BANKNIFTY weekly (Thu)
NIFTY,Monthly,2021-03,2021-03-25,Thursday,2021-03-25,Thursday,Thursday,No,0,False,NIFTY monthly (last Thu)
NIFTY,Weekly,2021-03,2021-03-25,Thursday,2021-03-25,Thursday,Thursday,No,0,False,NIFTY weekly (Thu)
BANKNIFTY,Weekly,2021-04,2021-04-01,Thursday,2021-04-01,Thursday,Thursday,No,0,False,BANKNIFTY weekly (Thu)
NIFTY,Weekly,2021-04,2021-04-01,Thursday,2021-04-01,Thursday,Thursday,No,0,False,NIFTY weekly (Thu)
BANKNIFTY,Weekly,2021-04,2021-04-08,Thursday,2021-04-08,Thursday,Thursday,No,0,False,BANKNIFTY weekly (Thu)
NIFTY,Weekly,2021-04,2021-04-08,Thursday,2021-04-08,Thursday,Thursday,No,0,False,NIFTY weekly (Thu)
BANKNIFTY,Weekly,2021-04,2021-04-15,Thursday,2021-04-15,Thursday,Thursday,No,0,False,BANKNIFTY weekly (Thu)
NIFTY,Weekly,2021-04,2021-04-15,Thursday,2021-04-15,Thursday,Thursday,No,0,False,NIFTY weekly (Thu)
BANKNIFTY,Weekly,2021-04,2021-04-22,Thursday,2021-04-22,Thursday,Thursday,No,0,False,BANKNIFTY weekly (Thu)
NIFTY,Weekly,2021-04,2021-04-22,Thursday,2021-04-22,Thursday,Thursday,No,0,False,NIFTY weekly (Thu)
BANKNIFTY,Monthly,2021-04,2021-04-29,Thursday,2021-04-29,Thursday,Thursday,No,0,False,BANKNIFTY monthly (last Thu)
BANKNIFTY,Weekly,2021-04,2021-04-29,Thursday,2021-04-29,Thursday,Thursday,No,0,False,BANKNIFTY weekly (Thu)
NIFTY,Monthly,2021-04,2021-04-29,Thursday,2021-04-29,Thursday,Thursday,No,0,False,NIFTY monthly (last Thu)
NIFTY,Weekly,2021-04,2021-04-29,Thursday,2021-04-29,Thursday,Thursday,No,0,False,NIFTY weekly (Thu)
BANKNIFTY,Weekly,2021-05,2021-05-06,Thursday,2021-05-06,Thursday,Thursday,No,0,False,BANKNIFTY weekly (Thu)
NIFTY,Weekly,2021-05,2021-05-06,Thursday,2021-05-06,Thursday,Thursday,No,0,False,NIFTY weekly (Thu)
BANKNIFTY,Weekly,2021-05,2021-05-13,Thursday,2021-05-12,Wednesday,Thursday → Wednesday (holiday shift),Yes,1,True,BANKNIFTY weekly (Thu)
NIFTY,Weekly,2021-05,2021-05-13,Thursday,2021-05-12,Wednesday,Thursday → Wednesday (holiday shift),Yes,1,True,NIFTY weekly (Thu)
BANKNIFTY,Weekly,2021-05,2021-05-20,Thursday,2021-05-20,Thursday,Thursday,No,0,False,BANKNIFTY weekly (Thu)
NIFTY,Weekly,2021-05,2021-05-20,Thursday,2021-05-20,Thursday,Thursday,No,0,False,NIFTY weekly (Thu)
BANKNIFTY,Monthly,2021-05,2021-05-27,Thursday,2021-05-27,Thursday,Thursday,No,0,False,BANKNIFTY monthly (last Thu)
BANKNIFTY,Weekly,2021-05,2021-05-27,Thursday,2021-05-27,Thursday,Thursday,No,0,False,BANKNIFTY weekly (Thu)
NIFTY,Monthly,2021-05,2021-05-27,Thursday,2021-05-27,Thursday,Thursday,No,0,False,NIFTY monthly (last Thu)
NIFTY,Weekly,2021-05,2021-05-27,Thursday,2021-05-27,Thursday,Thursday,No,0,False,NIFTY weekly (Thu)
BANKNIFTY,Weekly,2021-06,2021-06-03,Thursday,2021-06-03,Thursday,Thursday,No,0,False,BANKNIFTY weekly (Thu)
NIFTY,Weekly,2021-06,2021-06-03,Thursday,2021-06-03,Thursday,Thursday,No,0,False,NIFTY weekly (Thu)
BANKNIFTY,Weekly,2021-06,2021-06-10,Thursday,2021-06-10,Thursday,Thursday,No,0,False,BANKNIFTY weekly (Thu)
NIFTY,Weekly,2021-06,2021-06-10,Thursday,2021-06-10,Thursday,Thursday,No,0,False,NIFTY weekly (Thu)
BANKNIFTY,Weekly,2021-06,2021-06-17,Thursday,2021-06-17,Thursday,Thursday,No,0,False,BANKNIFTY weekly (Thu)
NIFTY,Weekly,2021-06,2021-06-17,Thursday,2021-06-17,Thursday,Thursday,No,0,False,NIFTY weekly (Thu)
BANKNIFTY,Monthly,2021-06,2021-06-24,Thursday,2021-06-24,Thursday,Thursday,No,0,False,BANKNIFTY monthly (last Thu)
BANKNIFTY,Weekly,2021-06,2021-06-24,Thursday,2021-06-24,Thursday,Thursday,No,0,False,BANKNIFTY weekly (Thu)
NIFTY,Monthly,2021-06,2021-06-24,Thursday,2021-06-24,Thursday,Thursday,No,0,False,NIFTY monthly (last Thu)
NIFTY,Weekly,2021-06,2021-06-24,Thursday,2021-06-24,Thursday,Thursday,No,0,False,NIFTY weekly (Thu)
BANKNIFTY,Weekly,2021-07,2021-07-01,Thursday,2021-07-01,Thursday,Thursday,No,0,False,BANKNIFTY weekly (Thu)
NIFTY,Weekly,2021-07,2021-07-01,Thursday,2021-07-01,Thursday,Thursday,No,0,False,NIFTY weekly (Thu)
BANKNIFTY,Weekly,2021-07,2021-07-08,Thursday,2021-07-08,Thursday,Thursday,No,0,False,BANKNIFTY weekly (Thu)
NIFTY,Weekly,2021-07,2021-07-08,Thursday,2021-07-08,Thursday,Thursday,No,0,False,NIFTY weekly (Thu)
BANKNIFTY,Weekly,2021-07,2021-07-15,Thursday,2021-07-15,Thursday,Thursday,No,0,False,BANKNIFTY weekly (Thu)
NIFTY,Weekly,2021-07,2021-07-15,Thursday,2021-07-15,Thursday,Thursday,No,0,False,NIFTY weekly (Thu)
BANKNIFTY,Weekly,2021-07,2021-07-22,Thursday,2021-07-22,Thursday,Thursday,No,0,False,BANKNIFTY weekly (Thu)
NIFTY,Weekly,2021-07,2021-07-22,Thursday,2021-07-22,Thursday,Thursday,No,0,False,NIFTY weekly (Thu)
BANKNIFTY,Monthly,2021-07,2021-07-29,Thursday,2021-07-29,Thursday,Thursday,No,0,False,BANKNIFTY monthly (last Thu)
BANKNIFTY,Weekly,2021-07,2021-07-29,Thursday,2021-07-29,Thursday,Thursday,No,0,False,BANKNIFTY weekly (Thu)
NIFTY,Monthly,2021-07,2021-07-29,Thursday,2021-07-29,Thursday,Thursday,No,0,False,NIFTY monthly (last Thu)
NIFTY,Weekly,2021-07,2021-07-29,Thursday,2021-07-29,Thursday,Thursday,No,0,False,NIFTY weekly (Thu)
BANKNIFTY,Weekly,2021-08,2021-08-05,Thursday,2021-08-05,Thursday,Thursday,No,0,False,BANKNIFTY weekly (Thu)
NIFTY,Weekly,2021-08,2021-08-05,Thursday,2021-08-05,Thursday,Thursday,No,0,False,NIFTY weekly (Thu)
BANKNIFTY,Weekly,2021-08,2021-08-12,Thursday,2021-08-12,Thursday,Thursday,No,0,False,BANKNIFTY weekly (Thu)
NIFTY,Weekly,2021-08,2021-08-12,Thursday,2021-08-12,Thursday,Thursday,No,0,False,NIFTY weekly (Thu)
BANKNIFTY,Weekly,2021-08,2021-08-19,Thursday,2021-08-18,Wednesday,Thursday → Wednesday (holiday shift),Yes,1,True,BANKNIFTY weekly (Thu)
NIFTY,Weekly,2021-08,2021-08-19,Thursday,2021-08-18,Wednesday,Thursday → Wednesday (holiday shift),Yes,1,True,NIFTY weekly (Thu)
BANKNIFTY,Monthly,2021-08,2021-08-26,Thursday,2021-08-26,Thursday,Thursday,No,0,False,BANKNIFTY monthly (last Thu)
BANKNIFTY,Weekly,2021-08,2021-08-26,Thursday,2021-08-26,Thursday,Thursday,No,0,False,BANKNIFTY weekly (Thu)
NIFTY,Monthly,2021-08,2021-08-26,Thursday,2021-08-26,Thursday,Thursday,No,0,False,NIFTY monthly (last Thu)
NIFTY,Weekly,2021-08,2021-08-26,Thursday,2021-08-26,Thursday,Thursday,No,0,False,NIFTY weekly (Thu)
BANKNIFTY,Weekly,2021-09,2021-09-02,Thursday,2021-09-02,Thursday,Thursday,No,0,False,BANKNIFTY weekly (Thu)
NIFTY,Weekly,2021-09,2021-09-02,Thursday,2021-09-02,Thursday,Thursday,No,0,False,NIFTY weekly (Thu)
BANKNIFTY,Weekly,2021-09,2021-09-09,Thursday,2021-09-09,Thursday,Thursday,No,0,False,BANKNIFTY weekly (Thu)
NIFTY,Weekly,2021-09,2021-09-09,Thursday,2021-09-09,Thursday,Thursday,No,0,False,NIFTY weekly (Thu)
BANKNIFTY,Weekly,2021-09,2021-09-16,Thursday,2021-09-16,Thursday,Thursday,No,0,False,BANKNIFTY weekly (Thu)
NIFTY,Weekly,2021-09,2021-09-16,Thursday,2021-09-16,Thursday,Thursday,No,0,False,NIFTY weekly (Thu)
BANKNIFTY,Weekly,2021-09,2021-09-23,Thursday,2021-09-23,Thursday,Thursday,No,0,False,BANKNIFTY weekly (Thu)
NIFTY,Weekly,2021-09,2021-09-23,Thursday,2021-09-23,Thursday,Thursday,No,0,False,NIFTY weekly (Thu)
BANKNIFTY,Monthly,2021-09,2021-09-30,Thursday,2021-09-30,Thursday,Thursday,No,0,False,BANKNIFTY monthly (last Thu)
BANKNIFTY,Weekly,2021-09,2021-09-30,Thursday,2021-09-30,Thursday,Thursday,No,0,False,BANKNIFTY weekly (Thu)
NIFTY,Monthly,2021-09,2021-09-30,Thursday,2021-09-30,Thursday,Thursday,No,0,False,NIFTY monthly (last Thu)
NIFTY,Weekly,2021-09,2021-09-30,Thursday,2021-09-30,Thursday,Thursday,No,0,False,NIFTY weekly (Thu)
BANKNIFTY,Weekly,2021-10,2021-10-07,Thursday,2021-10-07,Thursday,Thursday,No,0,False,BANKNIFTY weekly (Thu)
NIFTY,Weekly,2021-10,2021-10-07,Thursday,2021-10-07,Thursday,Thursday,No,0,False,NIFTY weekly (Thu)
BANKNIFTY,Weekly,2021-10,2021-10-14,Thursday,2021-10-14,Thursday,Thursday,No,0,False,BANKNIFTY weekly (Thu)
NIFTY,Weekly,2021-10,2021-10-14,Thursday,2021-10-14,Thursday,Thursday,No,0,False,NIFTY weekly (Thu)
BANKNIFTY,Weekly,2021-10,2021-10-21,Thursday,2021-10-21,Thursday,Thursday,No,0,False,BANKNIFTY weekly (Thu)
NIFTY,Weekly,2021-10,2021-10-21,Thursday,2021-10-21,Thursday,Thursday,No,0,False,NIFTY weekly (Thu)
BANKNIFTY,Monthly,2021-10,2021-10-28,Thursday,2021-10-28,Thursday,Thursday,No,0,False,BANKNIFTY monthly (last Thu)
BANKNIFTY,Weekly,2021-10,2021-10-28,Thursday,2021-10-28,Thursday,Thursday,No,0,False,BANKNIFTY weekly (Thu)
NIFTY,Monthly,2021-10,2021-10-28,Thursday,2021-10-28,Thursday,Thursday,No,0,False,NIFTY monthly (last Thu)
NIFTY,Weekly,2021-10,2021-10-28,Thursday,2021-10-28,Thursday,Thursday,No,0,False,NIFTY weekly (Thu)
BANKNIFTY,Weekly,2021-11,2021-11-04,Thursday,2021-11-03,Wednesday,Thursday → Wednesday (holiday shift),Yes,1,True,BANKNIFTY weekly (Thu)
NIFTY,Weekly,2021-11,2021-11-04,Thursday,2021-11-03,Wednesday,Thursday → Wednesday (holiday shift),Yes,1,True,NIFTY weekly (Thu)
BANKNIFTY,Weekly,2021-11,2021-11-11,Thursday,2021-11-11,Thursday,Thursday,No,0,False,BANKNIFTY weekly (Thu)
NIFTY,Weekly,2021-11,2021-11-11,Thursday,2021-11-11,Thursday,Thursday,No,0,False,NIFTY weekly (Thu)
BANKNIFTY,Weekly,2021-11,2021-11-18,Thursday,2021-11-18,Thursday,Thursday,No,0,False,BANKNIFTY weekly (Thu)
NIFTY,Weekly,2021-11,2021-11-18,Thursday,2021-11-18,Thursday,Thursday,No,0,False,NIFTY weekly (Thu)
BANKNIFTY,Monthly,2021-11,2021-11-25,Thursday,2021-11-25,Thursday,Thursday,No,0,False,BANKNIFTY monthly (last Thu)
BANKNIFTY,Weekly,2021-11,2021-11-25,Thursday,2021-11-25,Thursday,Thursday,No,0,False,BANKNIFTY weekly (Thu)
NIFTY,Monthly,2021-11,2021-11-25,Thursday,2021-11-25,Thursday,Thursday,No,0,False,NIFTY monthly (last Thu)
NIFTY,Weekly,2021-11,2021-11-25,Thursday,2021-11-25,Thursday,Thursday,No,0,False,NIFTY weekly (Thu)
BANKNIFTY,Weekly,2021-12,2021-12-02,Thursday,2021-12-02,Thursday,Thursday,No,0,False,BANKNIFTY weekly (Thu)
NIFTY,Weekly,2021-12,2021-12-02,Thursday,2021-12-02,Thursday,Thursday,No,0,False,NIFTY weekly (Thu)
BANKNIFTY,Weekly,2021-12,2021-12-09,Thursday,2021-12-09,Thursday,Thursday,No,0,False,BANKNIFTY weekly (Thu)
NIFTY,Weekly,2021-12,2021-12-09,Thursday,2021-12-09,Thursday,Thursday,No,0,False,NIFTY weekly (Thu)
BANKNIFTY,Weekly,2021-12,2021-12-16,Thursday,2021-12-16,Thursday,Thursday,No,0,False,BANKNIFTY weekly (Thu)
NIFTY,Weekly,2021-12,2021-12-16,Thursday,2021-12-16,Thursday,Thursday,No,0,False,NIFTY weekly (Thu)
BANKNIFTY,Weekly,2021-12,2021-12-23,Thursday,2021-12-23,Thursday,Thursday,No,0,False,BANKNIFTY weekly (Thu)
NIFTY,Weekly,2021-12,2021-12-23,Thursday,2021-12-23,Thursday,Thursday,No,0,False,NIFTY weekly (Thu)
BANKNIFTY,Monthly,2021-12,2021-12-30,Thursday,2021-12-30,Thursday,Thursday,No,0,False,BANKNIFTY monthly (last Thu)
BANKNIFTY,Weekly,2021-12,2021-12-30,Thursday,2021-12-30,Thursday,Thursday,No,0,False,BANKNIFTY weekly (Thu)
NIFTY,Monthly,2021-12,2021-12-30,Thursday,2021-12-30,Thursday,Thursday,No,0,False,NIFTY monthly (last Thu)
NIFTY,Weekly,2021-12,2021-12-30,Thursday,2021-12-30,Thursday,Thursday,No,0,False,NIFTY weekly (Thu)
BANKNIFTY,Weekly,2022-01,2022-01-06,Thursday,2022-01-06,Thursday,Thursday,No,0,False,BANKNIFTY weekly (Thu)
NIFTY,Weekly,2022-01,2022-01-06,Thursday,2022-01-06,Thursday,Thursday,No,0,False,NIFTY weekly (Thu)
BANKNIFTY,Weekly,2022-01,2022-01-13,Thursday,2022-01-13,Thursday,Thursday,No,0,False,BANKNIFTY weekly (Thu)
NIFTY,Weekly,2022-01,2022-01-13,Thursday,2022-01-13,Thursday,Thursday,No,0,False,NIFTY weekly (Thu)
BANKNIFTY,Weekly,2022-01,2022-01-20,Thursday,2022-01-20,Thursday,Thursday,No,0,False,BANKNIFTY weekly (Thu)
NIFTY,Weekly,2022-01,2022-01-20,Thursday,2022-01-20,Thursday,Thursday,No,0,False,NIFTY weekly (Thu)
BANKNIFTY,Monthly,2022-01,2022-01-27,Thursday,2022-01-27,Thursday,Thursday,No,0,False,BANKNIFTY monthly (last Thu)
BANKNIFTY,Weekly,2022-01,2022-01-27,Thursday,2022-01-27,Thursday,Thursday,No,0,False,BANKNIFTY weekly (Thu)
NIFTY,Monthly,2022-01,2022-01-27,Thursday,2022-01-27,Thursday,Thursday,No,0,False,NIFTY monthly (last Thu)
NIFTY,Weekly,2022-01,2022-01-27,Thursday,2022-01-27,Thursday,Thursday,No,0,False,NIFTY weekly (Thu)
BANKNIFTY,Weekly,2022-02,2022-02-03,Thursday,2022-02-03,Thursday,Thursday,No,0,False,BANKNIFTY weekly (Thu)
NIFTY,Weekly,2022-02,2022-02-03,Thursday,2022-02-03,Thursday,Thursday,No,0,False,NIFTY weekly (Thu)
BANKNIFTY,Weekly,2022-02,2022-02-10,Thursday,2022-02-10,Thursday,Thursday,No,0,False,BANKNIFTY weekly (Thu)
NIFTY,Weekly,2022-02,2022-02-10,Thursday,2022-02-10,Thursday,Thursday,No,0,False,NIFTY weekly (Thu)
BANKNIFTY,Weekly,2022-02,2022-02-17,Thursday,2022-02-17,Thursday,Thursday,No,0,False,BANKNIFTY weekly (Thu)
NIFTY,Weekly,2022-02,2022-02-17,Thursday,2022-02-17,Thursday,Thursday,No,0,False,NIFTY weekly (Thu)
BANKNIFTY,Monthly,2022-02,2022-02-24,Thursday,2022-02-24,Thursday,Thursday,No,0,False,BANKNIFTY monthly (last Thu)
BANKNIFTY,Weekly,2022-02,2022-02-24,Thursday,2022-02-24,Thursday,Thursday,No,0,False,BANKNIFTY weekly (Thu)
NIFTY,Monthly,2022-02,2022-02-24,Thursday,2022-02-24,Thursday,Thursday,No,0,False,NIFTY monthly (last Thu)
NIFTY,Weekly,2022-02,2022-02-24,Thursday,2022-02-24,Thursday,Thursday,No,0,False,NIFTY weekly (Thu)
BANKNIFTY,Weekly,2022-03,2022-03-03,Thursday,2022-03-03,Thursday,Thursday,No,0,False,BANKNIFTY weekly (Thu)
NIFTY,Weekly,2022-03,2022-03-03,Thursday,2022-03-03,Thursday,Thursday,No,0,False,NIFTY weekly (Thu)
BANKNIFTY,Weekly,2022-03,2022-03-10,Thursday,2022-03-10,Thursday,Thursday,No,0,False,BANKNIFTY weekly (Thu)
NIFTY,Weekly,2022-03,2022-03-10,Thursday,2022-03-10,Thursday,Thursday,No,0,False,NIFTY weekly (Thu)
BANKNIFTY,Weekly,2022-03,2022-03-17,Thursday,2022-03-17,Thursday,Thursday,No,0,False,BANKNIFTY weekly (Thu)
NIFTY,Weekly,2022-03,2022-03-17,Thursday,2022-03-17,Thursday,Thursday,No,0,False,NIFTY weekly (Thu)
BANKNIFTY,Weekly,2022-03,2022-03-24,Thursday,2022-03-24,Thursday,Thursday,No,0,False,BANKNIFTY weekly (Thu)
NIFTY,Weekly,2022-03,2022-03-24,Thursday,2022-03-24,Thursday,Thursday,No,0,False,NIFTY weekly (Thu)
BANKNIFTY,Monthly,2022-03,2022-03-31,Thursday,2022-03-31,Thursday,Thursday,No,0,False,BANKNIFTY monthly (last Thu)
BANKNIFTY,Weekly,2022-03,2022-03-31,Thursday,2022-03-31,Thursday,Thursday,No,0,False,BANKNIFTY weekly (Thu)
NIFTY,Monthly,2022-03,2022-03-31,Thursday,2022-03-31,Thursday,Thursday,No,0,False,NIFTY monthly (last Thu)
NIFTY,Weekly,2022-03,2022-03-31,Thursday,2022-03-31,Thursday,Thursday,No,0,False,NIFTY weekly (Thu)
BANKNIFTY,Weekly,2022-04,2022-04-07,Thursday,2022-04-07,Thursday,Thursday,No,0,False,BANKNIFTY weekly (Thu)
NIFTY,Weekly,2022-04,2022-04-07,Thursday,2022-04-07,Thursday,Thursday,No,0,False,NIFTY weekly (Thu)
BANKNIFTY,Weekly,2022-04,2022-04-14,Thursday,2022-04-13,Wednesday,Thursday → Wednesday (holiday shift),Yes,1,True,BANKNIFTY weekly (Thu)
NIFTY,Weekly,2022-04,2022-04-14,Thursday,2022-04-13,Wednesday,Thursday → Wednesday (holiday shift),Yes,1,True,NIFTY weekly (Thu)
BANKNIFTY,Weekly,2022-04,2022-04-21,Thursday,2022-04-21,Thursday,Thursday,No,0,False,BANKNIFTY weekly (Thu)
NIFTY,Weekly,2022-04,2022-04-21,Thursday,2022-04-21,Thursday,Thursday,No,0,False,NIFTY weekly (Thu)
BANKNIFTY,Monthly,2022-04,2022-04-28,Thursday,2022-04-28,Thursday,Thursday,No,0,False,BANKNIFTY monthly (last Thu)
BANKNIFTY,Weekly,2022-04,2022-04-28,Thursday,2022-04-28,Thursday,Thursday,No,0,False,BANKNIFTY weekly (Thu)
NIFTY,Monthly,2022-04,2022-04-28,Thursday,2022-04-28,Thursday,Thursday,No,0,False,NIFTY monthly (last Thu)
NIFTY,Weekly,2022-04,2022-04-28,Thursday,2022-04-28,Thursday,Thursday,No,0,False,NIFTY weekly (Thu)
BANKNIFTY,Weekly,2022-05,2022-05-05,Thursday,2022-05-05,Thursday,Thursday,No,0,False,BANKNIFTY weekly (Thu)
NIFTY,Weekly,2022-05,2022-05-05,Thursday,2022-05-05,Thursday,Thursday,No,0,False,NIFTY weekly (Thu)
BANKNIFTY,Weekly,2022-05,2022-05-12,Thursday,2022-05-12,Thursday,Thursday,No,0,False,BANKNIFTY weekly (Thu)
NIFTY,Weekly,2022-05,2022-05-12,Thursday,2022-05-12,Thursday,Thursday,No,0,False,NIFTY weekly (Thu)
BANKNIFTY,Weekly,2022-05,2022-05-19,Thursday,2022-05-19,Thursday,Thursday,No,0,False,BANKNIFTY weekly (Thu)
NIFTY,Weekly,2022-05,2022-05-19,Thursday,2022-05-19,Thursday,Thursday,No,0,False,NIFTY weekly (Thu)
BANKNIFTY,Monthly,2022-05,2022-05-26,Thursday,2022-05-26,Thursday,Thursday,No,0,False,BANKNIFTY monthly (last Thu)
BANKNIFTY,Weekly,2022-05,2022-05-26,Thursday,2022-05-26,Thursday,Thursday,No,0,False,BANKNIFTY weekly (Thu)
NIFTY,Monthly,2022-05,2022-05-26,Thursday,2022-05-26,Thursday,Thursday,No,0,False,NIFTY monthly (last Thu)
NIFTY,Weekly,2022-05,2022-05-26,Thursday,2022-05-26,Thursday,Thursday,No,0,False,NIFTY weekly (Thu)
BANKNIFTY,Weekly,2022-06,2022-06-02,Thursday,2022-06-02,Thursday,Thursday,No,0,False,BANKNIFTY weekly (Thu)
NIFTY,Weekly,2022-06,2022-06-02,Thursday,2022-06-02,Thursday,Thursday,No,0,False,NIFTY weekly (Thu)
BANKNIFTY,Weekly,2022-06,2022-06-09,Thursday,2022-06-09,Thursday,Thursday,No,0,False,BANKNIFTY weekly (Thu)
NIFTY,Weekly,2022-06,2022-06-09,Thursday,2022-06-09,Thursday,Thursday,No,0,False,NIFTY weekly (Thu)
BANKNIFTY,Weekly,2022-06,2022-06-16,Thursday,2022-06-16,Thursday,Thursday,No,0,False,BANKNIFTY weekly (Thu)
NIFTY,Weekly,2022-06,2022-06-16,Thursday,2022-06-16,Thursday,Thursday,No,0,False,NIFTY weekly (Thu)
BANKNIFTY,Weekly,2022-06,2022-06-23,Thursday,2022-06-23,Thursday,Thursday,No,0,False,BANKNIFTY weekly (Thu)
NIFTY,Weekly,2022-06,2022-06-23,Thursday,2022-06-23,Thursday,Thursday,No,0,False,NIFTY weekly (Thu)
BANKNIFTY,Monthly,2022-06,2022-06-30,Thursday,2022-06-30,Thursday,Thursday,No,0,False,BANKNIFTY monthly (last Thu)
BANKNIFTY,Weekly,2022-06,2022-06-30,Thursday,2022-06-30,Thursday,Thursday,No,0,False,BANKNIFTY weekly (Thu)
NIFTY,Monthly,2022-06,2022-06-30,Thursday,2022-06-30,Thursday,Thursday,No,0,False,NIFTY monthly (last Thu)
NIFTY,Weekly,2022-06,2022-06-30,Thursday,2022-06-30,Thursday,Thursday,No,0,False,NIFTY weekly (Thu)
BANKNIFTY,Weekly,2022-07,2022-07-07,Thursday,2022-07-07,Thursday,Thursday,No,0,False,BANKNIFTY weekly (Thu)
NIFTY,Weekly,2022-07,2022-07-07,Thursday,2022-07-07,Thursday,Thursday,No,0,False,NIFTY weekly (Thu)
BANKNIFTY,Weekly,2022-07,2022-07-14,Thursday,2022-07-14,Thursday,Thursday,No,0,False,BANKNIFTY weekly (Thu)
NIFTY,Weekly,2022-07,2022-07-14,Thursday,2022-07-14,Thursday,Thursday,No,0,False,NIFTY weekly (Thu)
BANKNIFTY,Weekly,2022-07,2022-07-21,Thursday,2022-07-21,Thursday,Thursday,No,0,False,BANKNIFTY weekly (Thu)
NIFTY,Weekly,2022-07,2022-07-21,Thursday,2022-07-21,Thursday,Thursday,No,0,False,NIFTY weekly (Thu)
BANKNIFTY,Monthly,2022-07,2022-07-28,Thursday,2022-07-28,Thursday,Thursday,No,0,False,BANKNIFTY monthly (last Thu)
BANKNIFTY,Weekly,2022-07,2022-07-28,Thursday,2022-07-28,Thursday,Thursday,No,0,False,BANKNIFTY weekly (Thu)
NIFTY,Monthly,2022-07,2022-07-28,Thursday,2022-07-28,Thursday,Thursday,No,0,False,NIFTY monthly (last Thu)
NIFTY,Weekly,2022-07,2022-07-28,Thursday,2022-07-28,Thursday,Thursday,No,0,False,NIFTY weekly (Thu)
BANKNIFTY,Weekly,2022-08,2022-08-04,Thursday,2022-08-04,Thursday,Thursday,No,0,False,BANKNIFTY weekly (Thu)
NIFTY,Weekly,2022-08,2022-08-04,Thursday,2022-08-04,Thursday,Thursday,No,0,False,NIFTY weekly (Thu)
BANKNIFTY,Weekly,2022-08,2022-08-11,Thursday,2022-08-11,Thursday,Thursday,No,0,False,BANKNIFTY weekly (Thu)
NIFTY,Weekly,2022-08,2022-08-11,Thursday,2022-08-11,Thursday,Thursday,No,0,False,NIFTY weekly (Thu)
BANKNIFTY,Weekly,2022-08,2022-08-18,Thursday,2022-08-18,Thursday,Thursday,No,0,False,BANKNIFTY weekly (Thu)
NIFTY,Weekly,2022-08,2022-08-18,Thursday,2022-08-18,Thursday,Thursday,No,0,False,NIFTY weekly (Thu)
BANKNIFTY,Monthly,2022-08,2022-08-25,Thursday,2022-08-25,Thursday,Thursday,No,0,False,BANKNIFTY monthly (last Thu)
BANKNIFTY,Weekly,2022-08,2022-08-25,Thursday,2022-08-25,Thursday,Thursday,No,0,False,BANKNIFTY weekly (Thu)
NIFTY,Monthly,2022-08,2022-08-25,Thursday,2022-08-25,Thursday,Thursday,No,0,False,NIFTY monthly (last Thu)
NIFTY,Weekly,2022-08,2022-08-25,Thursday,2022-08-25,Thursday,Thursday,No,0,False,NIFTY weekly (Thu)
BANKNIFTY,Weekly,2022-09,2022-09-01,Thursday,2022-09-01,Thursday,Thursday,No,0,False,BANKNIFTY weekly (Thu)
NIFTY,Weekly,2022-09,2022-09-01,Thursday,2022-09-01,Thursday,Thursday,No,0,False,NIFTY weekly (Thu)
BANKNIFTY,Weekly,2022-09,2022-09-08,Thursday,2022-09-08,Thursday,Thursday,No,0,False,BANKNIFTY weekly (Thu)
NIFTY,Weekly,2022-09,2022-09-08,Thursday,2022-09-08,Thursday,Thursday,No,0,False,NIFTY weekly (Thu)
BANKNIFTY,Weekly,2022-09,2022-09-15,Thursday,2022-09-15,Thursday,Thursday,No,0,False,BANKNIFTY weekly (Thu)
NIFTY,Weekly,2022-09,2022-09-15,Thursday,2022-09-15,Thursday,Thursday,No,0,False,NIFTY weekly (Thu)
BANKNIFTY,Weekly,2022-09,2022-09-22,Thursday,2022-09-22,Thursday,Thursday,No,0,False,BANKNIFTY weekly (Thu)
NIFTY,Weekly,2022-09,2022-09-22,Thursday,2022-09-22,Thursday,Thursday,No,0,False,NIFTY weekly (Thu)
BANKNIFTY,Monthly,2022-09,2022-09-29,Thursday,2022-09-29,Thursday,Thursday,No,0,False,BANKNIFTY monthly (last Thu)
BANKNIFTY,Weekly,2022-09,2022-09-29,Thursday,2022-09-29,Thursday,Thursday,No,0,False,BANKNIFTY weekly (Thu)
NIFTY,Monthly,2022-09,2022-09-29,Thursday,2022-09-29,Thursday,Thursday,No,0,False,NIFTY monthly (last Thu)
NIFTY,Weekly,2022-09,2022-09-29,Thursday,2022-09-29,Thursday,Thursday,No,0,False,NIFTY weekly (Thu)
BANKNIFTY,Weekly,2022-10,2022-10-06,Thursday,2022-10-06,Thursday,Thursday,No,0,False,BANKNIFTY weekly (Thu)
NIFTY,Weekly,2022-10,2022-10-06,Thursday,2022-10-06,Thursday,Thursday,No,0,False,NIFTY weekly (Thu)
BANKNIFTY,Weekly,2022-10,2022-10-13,Thursday,2022-10-13,Thursday,Thursday,No,0,False,BANKNIFTY weekly (Thu)
NIFTY,Weekly,2022-10,2022-10-13,Thursday,2022-10-13,Thursday,Thursday,No,0,False,NIFTY weekly (Thu)
BANKNIFTY,Weekly,2022-10,2022-10-20,Thursday,2022-10-20,Thursday,Thursday,No,0,False,BANKNIFTY weekly (Thu)
NIFTY,Weekly,2022-10,2022-10-20,Thursday,2022-10-20,Thursday,Thursday,No,0,False,NIFTY weekly (Thu)
BANKNIFTY,Monthly,2022-10,2022-10-27,Thursday,2022-10-27,Thursday,Thursday,No,0,False,BANKNIFTY monthly (last Thu)
BANKNIFTY,Weekly,2022-10,2022-10-27,Thursday,2022-10-27,Thursday,Thursday,No,0,False,BANKNIFTY weekly (Thu)
NIFTY,Monthly,2022-10,2022-10-27,Thursday,2022-10-27,Thursday,Thursday,No,0,False,NIFTY monthly (last Thu)
NIFTY,Weekly,2022-10,2022-10-27,Thursday,2022-10-27,Thursday,Thursday,No,0,False,NIFTY weekly (Thu)
BANKNIFTY,Weekly,2022-11,2022-11-03,Thursday,2022-11-03,Thursday,Thursday,No,0,False,BANKNIFTY weekly (Thu)
NIFTY,Weekly,2022-11,2022-11-03,Thursday,2022-11-03,Thursday,Thursday,No,0,False,NIFTY weekly (Thu)
BANKNIFTY,Weekly,2022-11,2022-11-10,Thursday,2022-11-10,Thursday,Thursday,No,0,False,BANKNIFTY weekly (Thu)
NIFTY,Weekly,2022-11,2022-11-10,Thursday,2022-11-10,Thursday,Thursday,No,0,False,NIFTY weekly (Thu)
BANKNIFTY,Weekly,2022-11,2022-11-17,Thursday,2022-11-17,Thursday,Thursday,No,0,False,BANKNIFTY weekly (Thu)
NIFTY,Weekly,2022-11,2022-11-17,Thursday,2022-11-17,Thursday,Thursday,No,0,False,NIFTY weekly (Thu)
BANKNIFTY,Monthly,2022-11,2022-11-24,Thursday,2022-11-24,Thursday,Thursday,No,0,False,BANKNIFTY monthly (last Thu)
BANKNIFTY,Weekly,2022-11,2022-11-24,Thursday,2022-11-24,Thursday,Thursday,No,0,False,BANKNIFTY weekly (Thu)
NIFTY,Monthly,2022-11,2022-11-24,Thursday,2022-11-24,Thursday,Thursday,No,0,False,NIFTY monthly (last Thu)
NIFTY,Weekly,2022-11,2022-11-24,Thursday,2022-11-24,Thursday,Thursday,No,0,False,NIFTY weekly (Thu)
BANKNIFTY,Weekly,2022-12,2022-12-01,Thursday,2022-12-01,Thursday,Thursday,No,0,False,BANKNIFTY weekly (Thu)
NIFTY,Weekly,2022-12,2022-12-01,Thursday,2022-12-01,Thursday,Thursday,No,0,False,NIFTY weekly (Thu)
BANKNIFTY,Weekly,2022-12,2022-12-08,Thursday,2022-12-08,Thursday,Thursday,No,0,False,BANKNIFTY weekly (Thu)
NIFTY,Weekly,2022-12,2022-12-08,Thursday,2022-12-08,Thursday,Thursday,No,0,False,NIFTY weekly (Thu)
BANKNIFTY,Weekly,2022-12,2022-12-15,Thursday,2022-12-15,Thursday,Thursday,No,0,False,BANKNIFTY weekly (Thu)
NIFTY,Weekly,2022-12,2022-12-15,Thursday,2022-12-15,Thursday,Thursday,No,0,False,NIFTY weekly (Thu)
BANKNIFTY,Weekly,2022-12,2022-12-22,Thursday,2022-12-22,Thursday,Thursday,No,0,False,BANKNIFTY weekly (Thu)
NIFTY,Weekly,2022-12,2022-12-22,Thursday,2022-12-22,Thursday,Thursday,No,0,False,NIFTY weekly (Thu)
BANKNIFTY,Monthly,2022-12,2022-12-29,Thursday,2022-12-29,Thursday,Thursday,No,0,False,BANKNIFTY monthly (last Thu)
BANKNIFTY,Weekly,2022-12,2022-12-29,Thursday,2022-12-29,Thursday,Thursday,No,0,False,BANKNIFTY weekly (Thu)
NIFTY,Monthly,2022-12,2022-12-29,Thursday,2022-12-29,Thursday,Thursday,No,0,False,NIFTY monthly (last Thu)
NIFTY,Weekly,2022-12,2022-12-29,Thursday,2022-12-29,Thursday,Thursday,No,0,False,NIFTY weekly (Thu)
BANKNIFTY,Weekly,2023-01,2023-01-05,Thursday,2023-01-05,Thursday,Thursday,No,0,False,BANKNIFTY weekly (Thu)
NIFTY,Weekly,2023-01,2023-01-05,Thursday,2023-01-05,Thursday,Thursday,No,0,False,NIFTY weekly (Thu)
BANKNIFTY,Weekly,2023-01,2023-01-12,Thursday,2023-01-12,Thursday,Thursday,No,0,False,BANKNIFTY weekly (Thu)
NIFTY,Weekly,2023-01,2023-01-12,Thursday,2023-01-12,Thursday,Thursday,No,0,False,NIFTY weekly (Thu)
BANKNIFTY,Weekly,2023-01,2023-01-19,Thursday,2023-01-19,Thursday,Thursday,No,0,False,BANKNIFTY weekly (Thu)
NIFTY,Weekly,2023-01,2023-01-19,Thursday,2023-01-19,Thursday,Thursday,No,0,False,NIFTY weekly (Thu)
BANKNIFTY,Monthly,2023-01,2023-01-26,Thursday,2023-01-25,Wednesday,Thursday → Wednesday (holiday shift),Yes,1,True,BANKNIFTY monthly (last Thu)
BANKNIFTY,Weekly,2023-01,2023-01-26,Thursday,2023-01-25,Wednesday,Thursday → Wednesday (holiday shift),Yes,1,True,BANKNIFTY weekly (Thu)
NIFTY,Monthly,2023-01,2023-01-26,Thursday,2023-01-25,Wednesday,Thursday → Wednesday (holiday shift),Yes,1,True,NIFTY monthly (last Thu)
NIFTY,Weekly,2023-01,2023-01-26,Thursday,2023-01-25,Wednesday,Thursday → Wednesday (holiday shift),Yes,1,True,NIFTY weekly (Thu)
BANKNIFTY,Weekly,2023-02,2023-02-02,Thursday,2023-02-02,Thursday,Thursday,No,0,False,BANKNIFTY weekly (Thu)
NIFTY,Weekly,2023-02,2023-02-02,Thursday,2023-02-02,Thursday,Thursday,No,0,False,NIFTY weekly (Thu)
BANKNIFTY,Weekly,2023-02,2023-02-09,Thursday,2023-02-09,Thursday,Thursday,No,0,False,BANKNIFTY weekly (Thu)
NIFTY,Weekly,2023-02,2023-02-09,Thursday,2023-02-09,Thursday,Thursday,No,0,False,NIFTY weekly (Thu)
BANKNIFTY,Weekly,2023-02,2023-02-16,Thursday,2023-02-16,Thursday,Thursday,No,0,False,BANKNIFTY weekly (Thu)
NIFTY,Weekly,2023-02,2023-02-16,Thursday,2023-02-16,Thursday,Thursday,No,0,False,NIFTY weekly (Thu)
BANKNIFTY,Monthly,2023-02,2023-02-23,Thursday,2023-02-23,Thursday,Thursday,No,0,False,BANKNIFTY monthly (last Thu)
BANKNIFTY,Weekly,2023-02,2023-02-23,Thursday,2023-02-23,Thursday,Thursday,No,0,False,BANKNIFTY weekly (Thu)
NIFTY,Monthly,2023-02,2023-02-23,Thursday,2023-02-23,Thursday,Thursday,No,0,False,NIFTY monthly (last Thu)
NIFTY,Weekly,2023-02,2023-02-23,Thursday,2023-02-23,Thursday,Thursday,No,0,False,NIFTY weekly (Thu)
BANKNIFTY,Weekly,2023-03,2023-03-02,Thursday,2023-03-02,Thursday,Thursday,No,0,False,BANKNIFTY weekly (Thu)
NIFTY,Weekly,2023-03,2023-03-02,Thursday,2023-03-02,Thursday,Thursday,No,0,False,NIFTY weekly (Thu)
BANKNIFTY,Weekly,2023-03,2023-03-09,Thursday,2023-03-09,Thursday,Thursday,No,0,False,BANKNIFTY weekly (Thu)
NIFTY,Weekly,2023-03,2023-03-09,Thursday,2023-03-09,Thursday,Thursday,No,0,False,NIFTY weekly (Thu)
BANKNIFTY,Weekly,2023-03,2023-03-16,Thursday,2023-03-16,Thursday,Thursday,No,0,False,BANKNIFTY weekly (Thu)
NIFTY,Weekly,2023-03,2023-03-16,Thursday,2023-03-16,Thursday,Thursday,No,0,False,NIFTY weekly (Thu)
BANKNIFTY,Weekly,2023-03,2023-03-23,Thursday,2023-03-23,Thursday,Thursday,No,0,False,BANKNIFTY weekly (Thu)
NIFTY,Weekly,2023-03,2023-03-23,Thursday,2023-03-23,Thursday,Thursday,No,0,False,NIFTY weekly (Thu)
BANKNIFTY,Monthly,2023-03,2023-03-30,Thursday,2023-03-29,Wednesday,Thursday → Wednesday (holiday shift),Yes,1,True,BANKNIFTY monthly (last Thu)
BANKNIFTY,Weekly,2023-03,2023-03-30,Thursday,2023-03-29,Wednesday,Thursday → Wednesday (holiday shift),Yes,1,True,BANKNIFTY weekly (Thu)
NIFTY,Monthly,2023-03,2023-03-30,Thursday,2023-03-29,Wednesday,Thursday → Wednesday (holiday shift),Yes,1,True,NIFTY monthly (last Thu)
NIFTY,Weekly,2023-03,2023-03-30,Thursday,2023-03-29,Wednesday,Thursday → Wednesday (holiday shift),Yes,1,True,NIFTY weekly (Thu)
BANKNIFTY,Weekly,2023-04,2023-04-06,Thursday,2023-04-06,Thursday,Thursday,No,0,False,BANKNIFTY weekly (Thu)
NIFTY,Weekly,2023-04,2023-04-06,Thursday,2023-04-06,Thursday,Thursday,No,0,False,NIFTY weekly (Thu)
BANKNIFTY,Weekly,2023-04,2023-04-13,Thursday,2023-04-13,Thursday,Thursday,No,0,False,BANKNIFTY weekly (Thu)
NIFTY,Weekly,2023-04,2023-04-13,Thursday,2023-04-13,Thursday,Thursday,No,0,False,NIFTY weekly (Thu)
BANKNIFTY,Weekly,2023-04,2023-04-20,Thursday,2023-04-20,Thursday,Thursday,No,0,False,BANKNIFTY weekly (Thu)
NIFTY,Weekly,2023-04,2023-04-20,Thursday,2023-04-20,Thursday,Thursday,No,0,False,NIFTY weekly (Thu)
BANKNIFTY,Monthly,2023-04,2023-04-27,Thursday,2023-04-27,Thursday,Thursday,No,0,False,BANKNIFTY monthly (last Thu)
BANKNIFTY,Weekly,2023-04,2023-04-27,Thursday,2023-04-27,Thursday,Thursday,No,0,False,BANKNIFTY weekly (Thu)
NIFTY,Monthly,2023-04,2023-04-27,Thursday,2023-04-27,Thursday,Thursday,No,0,False,NIFTY monthly (last Thu)
NIFTY,Weekly,2023-04,2023-04-27,Thursday,2023-04-27,Thursday,Thursday,No,0,False,NIFTY weekly (Thu)
BANKNIFTY,Weekly,2023-05,2023-05-04,Thursday,2023-05-04,Thursday,Thursday,No,0,False,BANKNIFTY weekly (Thu)
NIFTY,Weekly,2023-05,2023-05-04,Thursday,2023-05-04,Thursday,Thursday,No,0,False,NIFTY weekly (Thu)
BANKNIFTY,Weekly,2023-05,2023-05-11,Thursday,2023-05-11,Thursday,Thursday,No,0,False,BANKNIFTY weekly (Thu)
NIFTY,Weekly,2023-05,2023-05-11,Thursday,2023-05-11,Thursday,Thursday,No,0,False,NIFTY weekly (Thu)
BANKNIFTY,Weekly,2023-05,2023-05-18,Thursday,2023-05-18,Thursday,Thursday,No,0,False,BANKNIFTY weekly (Thu)
NIFTY,Weekly,2023-05,2023-05-18,Thursday,2023-05-18,Thursday,Thursday,No,0,False,NIFTY weekly (Thu)
BANKNIFTY,Monthly,2023-05,2023-05-25,Thursday,2023-05-25,Thursday,Thursday,No,0,False,BANKNIFTY monthly (last Thu)
BANKNIFTY,Weekly,2023-05,2023-05-25,Thursday,2023-05-25,Thursday,Thursday,No,0,False,BANKNIFTY weekly (Thu)
NIFTY,Monthly,2023-05,2023-05-25,Thursday,2023-05-25,Thursday,Thursday,No,0,False,NIFTY monthly (last Thu)
NIFTY,Weekly,2023-05,2023-05-25,Thursday,2023-05-25,Thursday,Thursday,No,0,False,NIFTY weekly (Thu)
BANKNIFTY,Weekly,2023-06,2023-06-01,Thursday,2023-06-01,Thursday,Thursday,No,0,False,BANKNIFTY weekly (Thu)
NIFTY,Weekly,2023-06,2023-06-01,Thursday,2023-06-01,Thursday,Thursday,No,0,False,NIFTY weekly (Thu)
BANKNIFTY,Weekly,2023-06,2023-06-08,Thursday,2023-06-08,Thursday,Thursday,No,0,False,BANKNIFTY weekly (Thu)
NIFTY,Weekly,2023-06,2023-06-08,Thursday,2023-06-08,Thursday,Thursday,No,0,False,NIFTY weekly (Thu)
BANKNIFTY,Weekly,2023-06,2023-06-15,Thursday,2023-06-15,Thursday,Thursday,No,0,False,BANKNIFTY weekly (Thu)
NIFTY,Weekly,2023-06,2023-06-15,Thursday,2023-06-15,Thursday,Thursday,No,0,False,NIFTY weekly (Thu)
BANKNIFTY,Weekly,2023-06,2023-06-22,Thursday,2023-06-22,Thursday,Thursday,No,0,False,BANKNIFTY weekly (Thu)
NIFTY,Weekly,2023-06,2023-06-22,Thursday,2023-06-22,Thursday,Thursday,No,0,False,NIFTY weekly (Thu)
BANKNIFTY,Monthly,2023-06,2023-06-29,Thursday,2023-06-29,Thursday,Thursday,No,0,False,BANKNIFTY monthly (last Thu)
BANKNIFTY,Weekly,2023-06,2023-06-29,Thursday,2023-06-29,Thursday,Thursday,No,0,False,BANKNIFTY weekly (Thu)
NIFTY,Monthly,2023-06,2023-06-29,Thursday,2023-06-29,Thursday,Thursday,No,0,False,NIFTY monthly (last Thu)
NIFTY,Weekly,2023-06,2023-06-29,Thursday,2023-06-29,Thursday,Thursday,No,0,False,NIFTY weekly (Thu)
BANKNIFTY,Weekly,2023-07,2023-07-06,Thursday,2023-07-06,Thursday,Thursday,No,0,False,BANKNIFTY weekly (Thu)
NIFTY,Weekly,2023-07,2023-07-06,Thursday,2023-07-06,Thursday,Thursday,No,0,False,NIFTY weekly (Thu)
BANKNIFTY,Weekly,2023-07,2023-07-13,Thursday,2023-07-13,Thursday,Thursday,No,0,False,BANKNIFTY weekly (Thu)
NIFTY,Weekly,2023-07,2023-07-13,Thursday,2023-07-13,Thursday,Thursday,No,0,False,NIFTY weekly (Thu)
BANKNIFTY,Weekly,2023-07,2023-07-20,Thursday,2023-07-20,Thursday,Thursday,No,0,False,BANKNIFTY weekly (Thu)
NIFTY,Weekly,2023-07,2023-07-20,Thursday,2023-07-20,Thursday,Thursday,No,0,False,NIFTY weekly (Thu)
BANKNIFTY,Monthly,2023-07,2023-07-27,Thursday,2023-07-27,Thursday,Thursday,No,0,False,BANKNIFTY monthly (last Thu)
BANKNIFTY,Weekly,2023-07,2023-07-27,Thursday,2023-07-27,Thursday,Thursday,No,0,False,BANKNIFTY weekly (Thu)
NIFTY,Monthly,2023-07,2023-07-27,Thursday,2023-07-27,Thursday,Thursday,No,0,False,NIFTY monthly (last Thu)
NIFTY,Weekly,2023-07,2023-07-27,Thursday,2023-07-27,Thursday,Thursday,No,0,False,NIFTY weekly (Thu)
BANKNIFTY,Weekly,2023-08,2023-08-03,Thursday,2023-08-03,Thursday,Thursday,No,0,False,BANKNIFTY weekly (Thu)
NIFTY,Weekly,2023-08,2023-08-03,Thursday,2023-08-03,Thursday,Thursday,No,0,False,NIFTY weekly (Thu)
BANKNIFTY,Weekly,2023-08,2023-08-10,Thursday,2023-08-10,Thursday,Thursday,No,0,False,BANKNIFTY weekly (Thu)
NIFTY,Weekly,2023-08,2023-08-10,Thursday,2023-08-10,Thursday,Thursday,No,0,False,NIFTY weekly (Thu)
BANKNIFTY,Weekly,2023-08,2023-08-17,Thursday,2023-08-17,Thursday,Thursday,No,0,False,BANKNIFTY weekly (Thu)
NIFTY,Weekly,2023-08,2023-08-17,Thursday,2023-08-17,Thursday,Thursday,No,0,False,NIFTY weekly (Thu)
BANKNIFTY,Weekly,2023-08,2023-08-24,Thursday,2023-08-24,Thursday,Thursday,No,0,False,BANKNIFTY weekly (Thu)
NIFTY,Weekly,2023-08,2023-08-24,Thursday,2023-08-24,Thursday,Thursday,No,0,False,NIFTY weekly (Thu)
BANKNIFTY,Monthly,2023-08,2023-08-31,Thursday,2023-08-31,Thursday,Thursday,No,0,False,BANKNIFTY monthly (last Thu)
BANKNIFTY,Weekly,2023-08,2023-08-31,Thursday,2023-08-31,Thursday,Thursday,No,0,False,BANKNIFTY weekly (Thu)
NIFTY,Monthly,2023-08,2023-08-31,Thursday,2023-08-31,Thursday,Thursday,No,0,False,NIFTY monthly (last Thu)
NIFTY,Weekly,2023-08,2023-08-31,Thursday,2023-08-31,Thursday,Thursday,No,0,False,NIFTY weekly (Thu)
BANKNIFTY,Weekly,2023-09,2023-09-06,Wednesday,2023-09-06,Wednesday,Wednesday,No,0,False,BANKNIFTY weekly (Wed)
NIFTY,Weekly,2023-09,2023-09-07,Thursday,2023-09-07,Thursday,Thursday,No,0,False,NIFTY weekly (Thu)
BANKNIFTY,Weekly,2023-09,2023-09-13,Wednesday,2023-09-13,Wednesday,Wednesday,No,0,False,BANKNIFTY weekly (Wed)
NIFTY,Weekly,2023-09,2023-09-14,Thursday,2023-09-14,Thursday,Thursday,No,0,False,NIFTY weekly (Thu)
BANKNIFTY,Weekly,2023-09,2023-09-20,Wednesday,2023-09-20,Wednesday,Wednesday,No,0,False,BANKNIFTY weekly (Wed)
NIFTY,Weekly,2023-09,2023-09-21,Thursday,2023-09-21,Thursday,Thursday,No,0,False,NIFTY weekly (Thu)
BANKNIFTY,Weekly,2023-09,2023-09-27,Wednesday,2023-09-27,Wednesday,Wednesday,No,0,False,BANKNIFTY weekly (Wed)
BANKNIFTY,Monthly,2023-09,2023-09-28,Thursday,2023-09-28,Thursday,Thursday,No,0,False,BANKNIFTY monthly (last Thu)
NIFTY,Monthly,2023-09,2023-09-28,Thursday,2023-09-28,Thursday,Thursday,No,0,False,NIFTY monthly (last Thu)
NIFTY,Weekly,2023-09,2023-09-28,Thursday,2023-09-28,Thursday,Thursday,No,0,False,NIFTY weekly (Thu)
BANKNIFTY,Weekly,2023-10,2023-10-04,Wednesday,2023-10-04,Wednesday,Wednesday,No,0,False,BANKNIFTY weekly (Wed)
NIFTY,Weekly,2023-10,2023-10-05,Thursday,2023-10-05,Thursday,Thursday,No,0,False,NIFTY weekly (Thu)
BANKNIFTY,Weekly,2023-10,2023-10-11,Wednesday,2023-10-11,Wednesday,Wednesday,No,0,False,BANKNIFTY weekly (Wed)
NIFTY,Weekly,2023-10,2023-10-12,Thursday,2023-10-12,Thursday,Thursday,No,0,False,NIFTY weekly (Thu)
BANKNIFTY,Weekly,2023-10,2023-10-18,Wednesday,2023-10-18,Wednesday,Wednesday,No,0,False,BANKNIFTY weekly (Wed)
NIFTY,Weekly,2023-10,2023-10-19,Thursday,2023-10-19,Thursday,Thursday,No,0,False,NIFTY weekly (Thu)
BANKNIFTY,Weekly,2023-10,2023-10-25,Wednesday,2023-10-25,Wednesday,Wednesday,No,0,False,BANKNIFTY weekly (Wed)
BANKNIFTY,Monthly,2023-10,2023-10-26,Thursday,2023-10-26,Thursday,Thursday,No,0,False,BANKNIFTY monthly (last Thu)
NIFTY,Monthly,2023-10,2023-10-26,Thursday,2023-10-26,Thursday,Thursday,No,0,False,NIFTY monthly (last Thu)
NIFTY,Weekly,2023-10,2023-10-26,Thursday,2023-10-26,Thursday,Thursday,No,0,False,NIFTY weekly (Thu)
BANKNIFTY,Weekly,2023-11,2023-11-01,Wednesday,2023-11-01,Wednesday,Wednesday,No,0,False,BANKNIFTY weekly (Wed)
NIFTY,Weekly,2023-11,2023-11-02,Thursday,2023-11-02,Thursday,Thursday,No,0,False,NIFTY weekly (Thu)
BANKNIFTY,Weekly,2023-11,2023-11-08,Wednesday,2023-11-08,Wednesday,Wednesday,No,0,False,BANKNIFTY weekly (Wed)
NIFTY,Weekly,2023-11,2023-11-09,Thursday,2023-11-09,Thursday,Thursday,No,0,False,NIFTY weekly (Thu)
BANKNIFTY,Weekly,2023-11,2023-11-15,Wednesday,2023-11-15,Wednesday,Wednesday,No,0,False,BANKNIFTY weekly (Wed)
NIFTY,Weekly,2023-11,2023-11-16,Thursday,2023-11-16,Thursday,Thursday,No,0,False,NIFTY weekly (Thu)
BANKNIFTY,Weekly,2023-11,2023-11-22,Wednesday,2023-11-22,Wednesday,Wednesday,No,0,False,BANKNIFTY weekly (Wed)
NIFTY,Weekly,2023-11,2023-11-23,Thursday,2023-11-23,Thursday,Thursday,No,0,False,NIFTY weekly (Thu)
BANKNIFTY,Weekly,2023-11,2023-11-29,Wednesday,2023-11-29,Wednesday,Wednesday,No,0,False,BANKNIFTY weekly (Wed)
BANKNIFTY,Monthly,2023-11,2023-11-30,Thursday,2023-11-30,Thursday,Thursday,No,0,False,BANKNIFTY monthly (last Thu)
NIFTY,Monthly,2023-11,2023-11-30,Thursday,2023-11-30,Thursday,Thursday,No,0,False,NIFTY monthly (last Thu)
NIFTY,Weekly,2023-11,2023-11-30,Thursday,2023-11-30,Thursday,Thursday,No,0,False,NIFTY weekly (Thu)
BANKNIFTY,Weekly,2023-12,2023-12-06,Wednesday,2023-12-06,Wednesday,Wednesday,No,0,False,BANKNIFTY weekly (Wed)
NIFTY,Weekly,2023-12,2023-12-07,Thursday,2023-12-07,Thursday,Thursday,No,0,False,NIFTY weekly (Thu)
BANKNIFTY,Weekly,2023-12,2023-12-13,Wednesday,2023-12-13,Wednesday,Wednesday,No,0,False,BANKNIFTY weekly (Wed)
NIFTY,Weekly,2023-12,2023-12-14,Thursday,2023-12-14,Thursday,Thursday,No,0,False,NIFTY weekly (Thu)
BANKNIFTY,Weekly,2023-12,2023-12-20,Wednesday,2023-12-20,Wednesday,Wednesday,No,0,False,BANKNIFTY weekly (Wed)
NIFTY,Weekly,2023-12,2023-12-21,Thursday,2023-12-21,Thursday,Thursday,No,0,False,NIFTY weekly (Thu)
BANKNIFTY,Weekly,2023-12,2023-12-27,Wednesday,2023-12-27,Wednesday,Wednesday,No,0,False,BANKNIFTY weekly (Wed)
BANKNIFTY,Monthly,2023-12,2023-12-28,Thursday,2023-12-28,Thursday,Thursday,No,0,False,BANKNIFTY monthly (last Thu)
NIFTY,Monthly,2023-12,2023-12-28,Thursday,2023-12-28,Thursday,Thursday,No,0,False,NIFTY monthly (last Thu)
NIFTY,Weekly,2023-12,2023-12-28,Thursday,2023-12-28,Thursday,Thursday,No,0,False,NIFTY weekly (Thu)
BANKNIFTY,Weekly,2024-01,2024-01-03,Wednesday,2024-01-03,Wednesday,Wednesday,No,0,False,BANKNIFTY weekly (Wed)
NIFTY,Weekly,2024-01,2024-01-04,Thursday,2024-01-04,Thursday,Thursday,No,0,False,NIFTY weekly (Thu)
BANKNIFTY,Weekly,2024-01,2024-01-10,Wednesday,2024-01-10,Wednesday,Wednesday,No,0,False,BANKNIFTY weekly (Wed)
NIFTY,Weekly,2024-01,2024-01-11,Thursday,2024-01-11,Thursday,Thursday,No,0,False,NIFTY weekly (Thu)
BANKNIFTY,Weekly,2024-01,2024-01-17,Wednesday,2024-01-17,Wednesday,Wednesday,No,0,False,BANKNIFTY weekly (Wed)
NIFTY,Weekly,2024-01,2024-01-18,Thursday,2024-01-18,Thursday,Thursday,No,0,False,NIFTY weekly (Thu)
BANKNIFTY,Weekly,2024-01,2024-01-24,Wednesday,2024-01-24,Wednesday,Wednesday,No,0,False,BANKNIFTY weekly (Wed)
BANKNIFTY,Monthly,2024-01,2024-01-25,Thursday,2024-01-25,Thursday,Thursday,No,0,False,BANKNIFTY monthly (last Thu)
NIFTY,Monthly,2024-01,2024-01-25,Thursday,2024-01-25,Thursday,Thursday,No,0,False,NIFTY monthly (last Thu)
NIFTY,Weekly,2024-01,2024-01-25,Thursday,2024-01-25,Thursday,Thursday,No,0,False,NIFTY weekly (Thu)
BANKNIFTY,Weekly,2024-01,2024-01-31,Wednesday,2024-01-31,Wednesday,Wednesday,No,0,False,BANKNIFTY weekly (Wed)
NIFTY,Weekly,2024-02,2024-02-01,Thursday,2024-02-01,Thursday,Thursday,No,0,False,NIFTY weekly (Thu)
BANKNIFTY,Weekly,2024-02,2024-02-07,Wednesday,2024-02-07,Wednesday,Wednesday,No,0,False,BANKNIFTY weekly (Wed)
NIFTY,Weekly,2024-02,2024-02-08,Thursday,2024-02-08,Thursday,Thursday,No,0,False,NIFTY weekly (Thu)
BANKNIFTY,Weekly,2024-02,2024-02-14,Wednesday,2024-02-14,Wednesday,Wednesday,No,0,False,BANKNIFTY weekly (Wed)
NIFTY,Weekly,2024-02,2024-02-15,Thursday,2024-02-15,Thursday,Thursday,No,0,False,NIFTY weekly (Thu)
BANKNIFTY,Weekly,2024-02,2024-02-21,Wednesday,2024-02-21,Wednesday,Wednesday,No,0,False,BANKNIFTY weekly (Wed)
NIFTY,Weekly,2024-02,2024-02-22,Thursday,2024-02-22,Thursday,Thursday,No,0,False,NIFTY weekly (Thu)
BANKNIFTY,Weekly,2024-02,2024-02-28,Wednesday,2024-02-28,Wednesday,Wednesday,No,0,False,BANKNIFTY weekly (Wed)
BANKNIFTY,Monthly,2024-02,2024-02-29,Thursday,2024-02-29,Thursday,Thursday,No,0,False,BANKNIFTY monthly (last Thu)
NIFTY,Monthly,2024-02,2024-02-29,Thursday,2024-02-29,Thursday,Thursday,No,0,False,NIFTY monthly (last Thu)
NIFTY,Weekly,2024-02,2024-02-29,Thursday,2024-02-29,Thursday,Thursday,No,0,False,NIFTY weekly (Thu)
BANKNIFTY,Weekly,2024-03,2024-03-06,Wednesday,2024-03-06,Wednesday,Wednesday,No,0,False,BANKNIFTY weekly (Wed)
NIFTY,Weekly,2024-03,2024-03-07,Thursday,2024-03-07,Thursday,Thursday,No,0,False,NIFTY weekly (Thu)
BANKNIFTY,Weekly,2024-03,2024-03-13,Wednesday,2024-03-13,Wednesday,Wednesday,No,0,False,BANKNIFTY weekly (Wed)
NIFTY,Weekly,2024-03,2024-03-14,Thursday,2024-03-14,Thursday,Thursday,No,0,False,NIFTY weekly (Thu)
BANKNIFTY,Weekly,2024-03,2024-03-20,Wednesday,2024-03-20,Wednesday,Wednesday,No,0,False,BANKNIFTY weekly (Wed)
NIFTY,Weekly,2024-03,2024-03-21,Thursday,2024-03-21,Thursday,Thursday,No,0,False,NIFTY weekly (Thu)
BANKNIFTY,Monthly,2024-03,2024-03-27,Wednesday,2024-03-27,Wednesday,Wednesday,No,0,False,BANKNIFTY monthly (last Wed)
BANKNIFTY,Weekly,2024-03,2024-03-27,Wednesday,2024-03-27,Wednesday,Wednesday,No,0,False,BANKNIFTY weekly (Wed)
NIFTY,Monthly,2024-03,2024-03-28,Thursday,2024-03-28,Thursday,Thursday,No,0,False,NIFTY monthly (last Thu)
NIFTY,Weekly,2024-03,2024-03-28,Thursday,2024-03-28,Thursday,Thursday,No,0,False,NIFTY weekly (Thu)
BANKNIFTY,Weekly,2024-04,2024-04-03,Wednesday,2024-04-03,Wednesday,Wednesday,No,0,False,BANKNIFTY weekly (Wed)
NIFTY,Weekly,2024-04,2024-04-04,Thursday,2024-04-04,Thursday,Thursday,No,0,False,NIFTY weekly (Thu)
BANKNIFTY,Weekly,2024-04,2024-04-10,Wednesday,2024-04-10,Wednesday,Wednesday,No,0,False,BANKNIFTY weekly (Wed)
NIFTY,Weekly,2024-04,2024-04-11,Thursday,2024-04-10,Wednesday,Thursday → Wednesday (holiday shift),Yes,1,True,NIFTY weekly (Thu)
BANKNIFTY,Weekly,2024-04,2024-04-17,Wednesday,2024-04-16,Tuesday,Wednesday → Tuesday (holiday shift),Yes,1,True,BANKNIFTY weekly (Wed)
NIFTY,Weekly,2024-04,2024-04-18,Thursday,2024-04-18,Thursday,Thursday,No,0,False,NIFTY weekly (Thu)
BANKNIFTY,Monthly,2024-04,2024-04-24,Wednesday,2024-04-24,Wednesday,Wednesday,No,0,False,BANKNIFTY monthly (last Wed)
BANKNIFTY,Weekly,2024-04,2024-04-24,Wednesday,2024-04-24,Wednesday,Wednesday,No,0,False,BANKNIFTY weekly (Wed)
NIFTY,Monthly,2024-04,2024-04-25,Thursday,2024-04-25,Thursday,Thursday,No,0,False,NIFTY monthly (last Thu)
NIFTY,Weekly,2024-04,2024-04-25,Thursday,2024-04-25,Thursday,Thursday,No,0,False,NIFTY weekly (Thu)
BANKNIFTY,Weekly,2024-04,2024-05-01,Wednesday,2024-04-30,Tuesday,Wednesday → Tuesday (holiday shift),Yes,1,True,BANKNIFTY weekly (Wed)
NIFTY,Weekly,2024-05,2024-05-02,Thursday,2024-05-02,Thursday,Thursday,No,0,False,NIFTY weekly (Thu)
BANKNIFTY,Weekly,2024-05,2024-05-08,Wednesday,2024-05-08,Wednesday,Wednesday,No,0,False,BANKNIFTY weekly (Wed)
NIFTY,Weekly,2024-05,2024-05-09,Thursday,2024-05-09,Thursday,Thursday,No,0,False,NIFTY weekly (Thu)
BANKNIFTY,Weekly,2024-05,2024-05-15,Wednesday,2024-05-15,Wednesday,Wednesday,No,0,False,BANKNIFTY weekly (Wed)
NIFTY,Weekly,2024-05,2024-05-16,Thursday,2024-05-16,Thursday,Thursday,No,0,False,NIFTY weekly (Thu)
BANKNIFTY,Weekly,2024-05,2024-05-22,Wednesday,2024-05-22,Wednesday,Wednesday,No,0,False,BANKNIFTY weekly (Wed)
NIFTY,Weekly,2024-05,2024-05-23,Thursday,2024-05-23,Thursday,Thursday,No,0,False,NIFTY weekly (Thu)
BANKNIFTY,Monthly,2024-05,2024-05-29,Wednesday,2024-05-29,Wednesday,Wednesday,No,0,False,BANKNIFTY monthly (last Wed)
BANKNIFTY,Weekly,2024-05,2024-05-29,Wednesday,2024-05-29,Wednesday,Wednesday,No,0,False,BANKNIFTY weekly (Wed)
NIFTY,Monthly,2024-05,2024-05-30,Thursday,2024-05-30,Thursday,Thursday,No,0,False,NIFTY monthly (last Thu)
NIFTY,Weekly,2024-05,2024-05-30,Thursday,2024-05-30,Thursday,Thursday,No,0,False,NIFTY weekly (Thu)
BANKNIFTY,Weekly,2024-06,2024-06-05,Wednesday,2024-06-05,Wednesday,Wednesday,No,0,False,BANKNIFTY weekly (Wed)
NIFTY,Weekly,2024-06,2024-06-06,Thursday,2024-06-06,Thursday,Thursday,No,0,False,NIFTY weekly (Thu)
BANKNIFTY,Weekly,2024-06,2024-06-12,Wednesday,2024-06-12,Wednesday,Wednesday,No,0,False,BANKNIFTY weekly (Wed)
NIFTY,Weekly,2024-06,2024-06-13,Thursday,2024-06-13,Thursday,Thursday,No,0,False,NIFTY weekly (Thu)
BANKNIFTY,Weekly,2024-06,2024-06-19,Wednesday,2024-06-19,Wednesday,Wednesday,No,0,False,BANKNIFTY weekly (Wed)
NIFTY,Weekly,2024-06,2024-06-20,Thursday,2024-06-20,Thursday,Thursday,No,0,False,NIFTY weekly (Thu)
BANKNIFTY,Monthly,2024-06,2024-06-26,Wednesday,2024-06-26,Wednesday,Wednesday,No,0,False,BANKNIFTY monthly (last Wed)
BANKNIFTY,Weekly,2024-06,2024-06-26,Wednesday,2024-06-26,Wednesday,Wednesday,No,0,False,BANKNIFTY weekly (Wed)
NIFTY,Monthly,2024-06,2024-06-27,Thursday,2024-06-27,Thursday,Thursday,No,0,False,NIFTY monthly (last Thu)
NIFTY,Weekly,2024-06,2024-06-27,Thursday,2024-06-27,Thursday,Thursday,No,0,False,NIFTY weekly (Thu)
BANKNIFTY,Weekly,2024-07,2024-07-03,Wednesday,2024-07-03,Wednesday,Wednesday,No,0,False,BANKNIFTY weekly (Wed)
NIFTY,Weekly,2024-07,2024-07-04,Thursday,2024-07-04,Thursday,Thursday,No,0,False,NIFTY weekly (Thu)
BANKNIFTY,Weekly,2024-07,2024-07-10,Wednesday,2024-07-10,Wednesday,Wednesday,No,0,False,BANKNIFTY weekly (Wed)
NIFTY,Weekly,2024-07,2024-07-11,Thursday,2024-07-11,Thursday,Thursday,No,0,False,NIFTY weekly (Thu)
BANKNIFTY,Weekly,2024-07,2024-07-17,Wednesday,2024-07-16,Tuesday,Wednesday → Tuesday (holiday shift),Yes,1,True,BANKNIFTY weekly (Wed)
NIFTY,Weekly,2024-07,2024-07-18,Thursday,2024-07-18,Thursday,Thursday,No,0,False,NIFTY weekly (Thu)
BANKNIFTY,Weekly,2024-07,2024-07-24,Wednesday,2024-07-24,Wednesday,Wednesday,No,0,False,BANKNIFTY weekly (Wed)
NIFTY,Monthly,2024-07,2024-07-25,Thursday,2024-07-25,Thursday,Thursday,No,0,False,NIFTY monthly (last Thu)
NIFTY,Weekly,2024-07,2024-07-25,Thursday,2024-07-25,Thursday,Thursday,No,0,False,NIFTY weekly (Thu)
BANKNIFTY,Monthly,2024-07,2024-07-31,Wednesday,2024-07-31,Wednesday,Wednesday,No,0,False,BANKNIFTY monthly (last Wed)
BANKNIFTY,Weekly,2024-07,2024-07-31,Wednesday,2024-07-31,Wednesday,Wednesday,No,0,False,BANKNIFTY weekly (Wed)
NIFTY,Weekly,2024-08,2024-08-01,Thursday,2024-08-01,Thursday,Thursday,No,0,False,NIFTY weekly (Thu)
BANKNIFTY,Weekly,2024-08,2024-08-07,Wednesday,2024-08-07,Wednesday,Wednesday,No,0,False,BANKNIFTY weekly (Wed)
NIFTY,Weekly,2024-08,2024-08-08,Thursday,2024-08-08,Thursday,Thursday,No,0,False,NIFTY weekly (Thu)
BANKNIFTY,Weekly,2024-08,2024-08-14,Wednesday,2024-08-14,Wednesday,Wednesday,No,0,False,BANKNIFTY weekly (Wed)
NIFTY,Weekly,2024-08,2024-08-15,Thursday,2024-08-14,Wednesday,Thursday → Wednesday (holiday shift),Yes,1,True,NIFTY weekly (Thu)
BANKNIFTY,Weekly,2024-08,2024-08-21,Wednesday,2024-08-21,Wednesday,Wednesday,No,0,False,BANKNIFTY weekly (Wed)
NIFTY,Weekly,2024-08,2024-08-22,Thursday,2024-08-22,Thursday,Thursday,No,0,False,NIFTY weekly (Thu)
BANKNIFTY,Monthly,2024-08,2024-08-28,Wednesday,2024-08-28,Wednesday,Wednesday,No,0,False,BANKNIFTY monthly (last Wed)
BANKNIFTY,Weekly,2024-08,2024-08-28,Wednesday,2024-08-28,Wednesday,Wednesday,No,0,False,BANKNIFTY weekly (Wed)
NIFTY,Monthly,2024-08,2024-08-29,Thursday,2024-08-29,Thursday,Thursday,No,0,False,NIFTY monthly (last Thu)
NIFTY,Weekly,2024-08,2024-08-29,Thursday,2024-08-29,Thursday,Thursday,No,0,False,NIFTY weekly (Thu)
BANKNIFTY,Weekly,2024-09,2024-09-04,Wednesday,2024-09-04,Wednesday,Wednesday,No,0,False,BANKNIFTY weekly (Wed)
NIFTY,Weekly,2024-09,2024-09-05,Thursday,2024-09-05,Thursday,Thursday,No,0,False,NIFTY weekly (Thu)
BANKNIFTY,Weekly,2024-09,2024-09-11,Wednesday,2024-09-11,Wednesday,Wednesday,No,0,False,BANKNIFTY weekly (Wed)
NIFTY,Weekly,2024-09,2024-09-12,Thursday,2024-09-12,Thursday,Thursday,No,0,False,NIFTY weekly (Thu)
BANKNIFTY,Weekly,2024-09,2024-09-18,Wednesday,2024-09-18,Wednesday,Wednesday,No,0,False,BANKNIFTY weekly (Wed)
NIFTY,Weekly,2024-09,2024-09-19,Thursday,2024-09-19,Thursday,Thursday,No,0,False,NIFTY weekly (Thu)
BANKNIFTY,Monthly,2024-09,2024-09-25,Wednesday,2024-09-25,Wednesday,Wednesday,No,0,False,BANKNIFTY monthly (last Wed)
BANKNIFTY,Weekly,2024-09,2024-09-25,Wednesday,2024-09-25,Wednesday,Wednesday,No,0,False,BANKNIFTY weekly (Wed)
NIFTY,Monthly,2024-09,2024-09-26,Thursday,2024-09-26,Thursday,Thursday,No,0,False,NIFTY monthly (last Thu)
NIFTY,Weekly,2024-09,2024-09-26,Thursday,2024-09-26,Thursday,Thursday,No,0,False,NIFTY weekly (Thu)
BANKNIFTY,Weekly,2024-10,2024-10-02,Wednesday,2024-10-01,Tuesday,Wednesday → Tuesday (holiday shift),Yes,1,True,BANKNIFTY weekly (Wed)
NIFTY,Weekly,2024-10,2024-10-03,Thursday,2024-10-03,Thursday,Thursday,No,0,False,NIFTY weekly (Thu)
BANKNIFTY,Weekly,2024-10,2024-10-09,Wednesday,2024-10-09,Wednesday,Wednesday,No,0,False,BANKNIFTY weekly (Wed)
NIFTY,Weekly,2024-10,2024-10-10,Thursday,2024-10-10,Thursday,Thursday,No,0,False,NIFTY weekly (Thu)
BANKNIFTY,Weekly,2024-10,2024-10-16,Wednesday,2024-10-16,Wednesday,Wednesday,No,0,False,BANKNIFTY weekly (Wed)
NIFTY,Weekly,2024-10,2024-10-17,Thursday,2024-10-17,Thursday,Thursday,No,0,False,NIFTY weekly (Thu)
BANKNIFTY,Weekly,2024-10,2024-10-23,Wednesday,2024-10-23,Wednesday,Wednesday,No,0,False,BANKNIFTY weekly (Wed)
NIFTY,Weekly,2024-10,2024-10-24,Thursday,2024-10-24,Thursday,Thursday,No,0,False,NIFTY weekly (Thu)
BANKNIFTY,Monthly,2024-10,2024-10-30,Wednesday,2024-10-30,Wednesday,Wednesday,No,0,False,BANKNIFTY monthly (last Wed)
BANKNIFTY,Weekly,2024-10,2024-10-30,Wednesday,2024-10-30,Wednesday,Wednesday,No,0,False,BANKNIFTY weekly (Wed)
NIFTY,Monthly,2024-10,2024-10-31,Thursday,2024-10-31,Thursday,Thursday,No,0,False,NIFTY monthly (last Thu)
NIFTY,Weekly,2024-10,2024-10-31,Thursday,2024-10-31,Thursday,Thursday,No,0,False,NIFTY weekly (Thu)
BANKNIFTY,Weekly,2024-11,2024-11-06,Wednesday,2024-11-06,Wednesday,Wednesday,No,0,False,BANKNIFTY weekly (Wed)
NIFTY,Weekly,2024-11,2024-11-07,Thursday,2024-11-07,Thursday,Thursday,No,0,False,NIFTY weekly (Thu)
BANKNIFTY,Weekly,2024-11,2024-11-13,Wednesday,2024-11-13,Wednesday,Wednesday,No,0,False,BANKNIFTY weekly (Wed)
NIFTY,Weekly,2024-11,2024-11-14,Thursday,2024-11-14,Thursday,Thursday,No,0,False,NIFTY weekly (Thu)
NIFTY,Weekly,2024-11,2024-11-21,Thursday,2024-11-21,Thursday,Thursday,No,0,False,NIFTY weekly (Thu)
BANKNIFTY,Monthly,2024-11,2024-11-27,Wednesday,2024-11-27,Wednesday,Wednesday,No,0,False,BANKNIFTY monthly (last Wed)
NIFTY,Monthly,2024-11,2024-11-28,Thursday,2024-11-28,Thursday,Thursday,No,0,False,NIFTY monthly (last Thu)
NIFTY,Weekly,2024-11,2024-11-28,Thursday,2024-11-28,Thursday,Thursday,No,0,False,NIFTY weekly (Thu)
NIFTY,Weekly,2024-12,2024-12-05,Thursday,2024-12-05,Thursday,Thursday,No,0,False,NIFTY weekly (Thu)
NIFTY,Weekly,2024-12,2024-12-12,Thursday,2024-12-12,Thursday,Thursday,No,0,False,NIFTY weekly (Thu)
NIFTY,Weekly,2024-12,2024-12-19,Thursday,2024-12-19,Thursday,Thursday,No,0,False,NIFTY weekly (Thu)
BANKNIFTY,Monthly,2024-12,2024-12-25,Wednesday,2024-12-24,Tuesday,Wednesday → Tuesday (holiday shift),Yes,1,True,BANKNIFTY monthly (last Wed)
NIFTY,Monthly,2024-12,2024-12-26,Thursday,2024-12-26,Thursday,Thursday,No,0,False,NIFTY monthly (last Thu)
NIFTY,Weekly,2024-12,2024-12-26,Thursday,2024-12-26,Thursday,Thursday,No,0,False,NIFTY weekly (Thu)
NIFTY,Weekly,2025-01,2025-01-02,Thursday,2025-01-02,Thursday,Thursday,No,0,False,NIFTY weekly (Thu)
NIFTY,Weekly,2025-01,2025-01-09,Thursday,2025-01-09,Thursday,Thursday,No,0,False,NIFTY weekly (Thu)
NIFTY,Weekly,2025-01,2025-01-16,Thursday,2025-01-16,Thursday,Thursday,No,0,False,NIFTY weekly (Thu)
NIFTY,Weekly,2025-01,2025-01-23,Thursday,2025-01-23,Thursday,Thursday,No,0,False,NIFTY weekly (Thu)
BANKNIFTY,Monthly,2025-01,2025-01-29,Wednesday,2025-01-29,Wednesday,Wednesday,No,0,False,BANKNIFTY monthly (last Wed)
NIFTY,Monthly,2025-01,2025-01-30,Thursday,2025-01-30,Thursday,Thursday,No,0,False,NIFTY monthly (last Thu)
NIFTY,Weekly,2025-01,2025-01-30,Thursday,2025-01-30,Thursday,Thursday,No,0,False,NIFTY weekly (Thu)
NIFTY,Weekly,2025-02,2025-02-06,Thursday,2025-02-06,Thursday,Thursday,No,0,False,NIFTY weekly (Thu)
NIFTY,Weekly,2025-02,2025-02-13,Thursday,2025-02-13,Thursday,Thursday,No,0,False,NIFTY weekly (Thu)
NIFTY,Weekly,2025-02,2025-02-20,Thursday,2025-02-20,Thursday,Thursday,No,0,False,NIFTY weekly (Thu)
BANKNIFTY,Monthly,2025-02,2025-02-26,Wednesday,2025-02-25,Tuesday,Wednesday → Tuesday (holiday shift),Yes,1,True,BANKNIFTY monthly (last Wed)
NIFTY,Monthly,2025-02,2025-02-27,Thursday,2025-02-27,Thursday,Thursday,No,0,False,NIFTY monthly (last Thu)
NIFTY,Weekly,2025-02,2025-02-27,Thursday,2025-02-27,Thursday,Thursday,No,0,False,NIFTY weekly (Thu)
NIFTY,Weekly,2025-03,2025-03-06,Thursday,2025-03-06,Thursday,Thursday,No,0,False,NIFTY weekly (Thu)
NIFTY,Weekly,2025-03,2025-03-13,Thursday,2025-03-13,Thursday,Thursday,No,0,False,NIFTY weekly (Thu)
NIFTY,Weekly,2025-03,2025-03-20,Thursday,2025-03-20,Thursday,Thursday,No,0,False,NIFTY weekly (Thu)
BANKNIFTY,Monthly,2025-03,2025-03-26,Wednesday,2025-03-26,Wednesday,Wednesday,No,0,False,BANKNIFTY monthly (last Wed)
NIFTY,Monthly,2025-03,2025-03-27,Thursday,2025-03-27,Thursday,Thursday,No,0,False,NIFTY monthly (last Thu)
NIFTY,Weekly,2025-03,2025-03-27,Thursday,2025-03-27,Thursday,Thursday,No,0,False,NIFTY weekly (Thu)
NIFTY,Weekly,2025-04,2025-04-03,Thursday,2025-04-03,Thursday,Thursday,No,0,False,NIFTY weekly (Thu)
NIFTY,Weekly,2025-04,2025-04-10,Thursday,2025-04-09,Wednesday,Thursday → Wednesday (holiday shift),Yes,1,True,NIFTY weekly (Thu)
NIFTY,Weekly,2025-04,2025-04-17,Thursday,2025-04-17,Thursday,Thursday,No,0,False,NIFTY weekly (Thu)
NIFTY,Monthly,2025-04,2025-04-24,Thursday,2025-04-24,Thursday,Thursday,No,0,False,NIFTY monthly (last Thu)
NIFTY,Weekly,2025-04,2025-04-24,Thursday,2025-04-24,Thursday,Thursday,No,0,False,NIFTY weekly (Thu)
BANKNIFTY,Monthly,2025-04,2025-04-30,Wednesday,2025-04-30,Wednesday,Wednesday,No,0,False,BANKNIFTY monthly (last Wed)
NIFTY,Weekly,2025-04,2025-05-01,Thursday,2025-04-30,Wednesday,Thursday → Wednesday (holiday shift),Yes,1,True,NIFTY weekly (Thu)
NIFTY,Weekly,2025-05,2025-05-08,Thursday,2025-05-08,Thursday,Thursday,No,0,False,NIFTY weekly (Thu)
NIFTY,Weekly,2025-05,2025-05-15,Thursday,2025-05-15,Thursday,Thursday,No,0,False,NIFTY weekly (Thu)
NIFTY,Weekly,2025-05,2025-05-22,Thursday,2025-05-22,Thursday,Thursday,No,0,False,NIFTY weekly (Thu)
BANKNIFTY,Monthly,2025-05,2025-05-28,Wednesday,2025-05-28,Wednesday,Wednesday,No,0,False,BANKNIFTY monthly (last Wed)
NIFTY,Monthly,2025-05,2025-05-29,Thursday,2025-05-29,Thursday,Thursday,No,0,False,NIFTY monthly (last Thu)
NIFTY,Weekly,2025-05,2025-05-29,Thursday,2025-05-29,Thursday,Thursday,No,0,False,NIFTY weekly (Thu)
NIFTY,Weekly,2025-06,2025-06-05,Thursday,2025-06-05,Thursday,Thursday,No,0,False,NIFTY weekly (Thu)
NIFTY,Weekly,2025-06,2025-06-12,Thursday,2025-06-12,Thursday,Thursday,No,0,False,NIFTY weekly (Thu)
NIFTY,Weekly,2025-06,2025-06-19,Thursday,2025-06-19,Thursday,Thursday,No,0,False,NIFTY weekly (Thu)
BANKNIFTY,Monthly,2025-06,2025-06-25,Wednesday,2025-06-25,Wednesday,Wednesday,No,0,False,BANKNIFTY monthly (last Wed)
NIFTY,Monthly,2025-06,2025-06-26,Thursday,2025-06-26,Thursday,Thursday,No,0,False,NIFTY monthly (last Thu)
NIFTY,Weekly,2025-06,2025-06-26,Thursday,2025-06-26,Thursday,Thursday,No,0,False,NIFTY weekly (Thu)
NIFTY,Weekly,2025-07,2025-07-03,Thursday,2025-07-03,Thursday,Thursday,No,0,False,NIFTY weekly (Thu)
NIFTY,Weekly,2025-07,2025-07-10,Thursday,2025-07-10,Thursday,Thursday,No,0,False,NIFTY weekly (Thu)
NIFTY,Weekly,2025-07,2025-07-17,Thursday,2025-07-17,Thursday,Thursday,No,0,False,NIFTY weekly (Thu)
NIFTY,Weekly,2025-07,2025-07-24,Thursday,2025-07-24,Thursday,Thursday,No,0,False,NIFTY weekly (Thu)
BANKNIFTY,Monthly,2025-07,2025-07-30,Wednesday,2025-07-30,Wednesday,Wednesday,No,0,False,BANKNIFTY monthly (last Wed)
NIFTY,Monthly,2025-07,2025-07-31,Thursday,2025-07-31,Thursday,Thursday,No,0,False,NIFTY monthly (last Thu)
NIFTY,Weekly,2025-07,2025-07-31,Thursday,2025-07-31,Thursday,Thursday,No,0,False,NIFTY weekly (Thu)
NIFTY,Weekly,2025-08,2025-08-07,Thursday,2025-08-07,Thursday,Thursday,No,0,False,NIFTY weekly (Thu)
NIFTY,Weekly,2025-08,2025-08-14,Thursday,2025-08-14,Thursday,Thursday,No,0,False,NIFTY weekly (Thu)
NIFTY,Weekly,2025-08,2025-08-21,Thursday,2025-08-21,Thursday,Thursday,No,0,False,NIFTY weekly (Thu)
BANKNIFTY,Monthly,2025-08,2025-08-27,Wednesday,2025-08-26,Tuesday,Wednesday → Tuesday (holiday shift),Yes,1,True,BANKNIFTY monthly (last Wed)
NIFTY,Monthly,2025-08,2025-08-28,Thursday,2025-08-28,Thursday,Thursday,No,0,False,NIFTY monthly (last Thu)
NIFTY,Weekly,2025-08,2025-08-28,Thursday,2025-08-28,Thursday,Thursday,No,0,False,NIFTY weekly (Thu)
NIFTY,Weekly,2025-09,2025-09-02,Tuesday,2025-09-02,Tuesday,Tuesday,No,0,False,NIFTY weekly (Tue)
NIFTY,Weekly,2025-09,2025-09-09,Tuesday,2025-09-09,Tuesday,Tuesday,No,0,False,NIFTY weekly (Tue)
NIFTY,Weekly,2025-09,2025-09-16,Tuesday,2025-09-16,Tuesday,Tuesday,No,0,False,NIFTY weekly (Tue)
NIFTY,Weekly,2025-09,2025-09-23,Tuesday,2025-09-23,Tuesday,Tuesday,No,0,False,NIFTY weekly (Tue)
BANKNIFTY,Monthly,2025-09,2025-09-30,Tuesday,2025-09-30,Tuesday,Tuesday,No,0,False,BANKNIFTY monthly (last Tue)
NIFTY,Monthly,2025-09,2025-09-30,Tuesday,2025-09-30,Tuesday,Tuesday,No,0,False,NIFTY monthly (last Tue)
NIFTY,Weekly,2025-09,2025-09-30,Tuesday,2025-09-30,Tuesday,Tuesday,No,0,False,NIFTY weekly (Tue)
NIFTY,Weekly,2025-10,2025-10-07,Tuesday,2025-10-07,Tuesday,Tuesday,No,0,False,NIFTY weekly (Tue)
NIFTY,Weekly,2025-10,2025-10-14,Tuesday,2025-10-14,Tuesday,Tuesday,No,0,False,NIFTY weekly (Tue)
NIFTY,Weekly,2025-10,2025-10-21,Tuesday,2025-10-20,Monday,Tuesday → Monday (holiday shift),Yes,1,True,NIFTY weekly (Tue)
BANKNIFTY,Monthly,2025-10,2025-10-28,Tuesday,2025-10-28,Tuesday,Tuesday,No,0,False,BANKNIFTY monthly (last Tue)
NIFTY,Monthly,2025-10,2025-10-28,Tuesday,2025-10-28,Tuesday,Tuesday,No,0,False,NIFTY monthly (last Tue)
NIFTY,Weekly,2025-10,2025-10-28,Tuesday,2025-10-28,Tuesday,Tuesday,No,0,False,NIFTY weekly (Tue)
NIFTY,Weekly,2025-11,2025-11-04,Tuesday,2025-11-04,Tuesday,Tuesday,No,0,False,NIFTY weekly (Tue)
NIFTY,Weekly,2025-11,2025-11-11,Tuesday,2025-11-11,Tuesday,Tuesday,No,0,False,NIFTY weekly (Tue)
NIFTY,Weekly,2025-11,2025-11-18,Tuesday,2025-11-18,Tuesday,Tuesday,No,0,False,NIFTY weekly (Tue)
BANKNIFTY,Monthly,2025-11,2025-11-25,Tuesday,2025-11-25,Tuesday,Tuesday,No,0,False,BANKNIFTY monthly (last Tue)
NIFTY,Monthly,2025-11,2025-11-25,Tuesday,2025-11-25,Tuesday,Tuesday,No,0,False,NIFTY monthly (last Tue)
NIFTY,Weekly,2025-11,2025-11-25,Tuesday,2025-11-25,Tuesday,Tuesday,No,0,False,NIFTY weekly (Tue)
NIFTY,Weekly,2025-12,2025-12-02,Tuesday,2025-12-02,Tuesday,Tuesday,No,0,False,NIFTY weekly (Tue)
NIFTY,Weekly,2025-12,2025-12-09,Tuesday,2025-12-09,Tuesday,Tuesday,No,0,False,NIFTY weekly (Tue)
NIFTY,Weekly,2025-12,2025-12-16,Tuesday,2025-12-16,Tuesday,Tuesday,No,0,False,NIFTY weekly (Tue)
NIFTY,Weekly,2025-12,2025-12-23,Tuesday,2025-12-23,Tuesday,Tuesday,No,0,False,NIFTY weekly (Tue)
BANKNIFTY,Monthly,2025-12,2025-12-30,Tuesday,2025-12-30,Tuesday,Tuesday,No,0,False,BANKNIFTY monthly (last Tue)
NIFTY,Monthly,2025-12,2025-12-30,Tuesday,2025-12-30,Tuesday,Tuesday,No,0,False,NIFTY monthly (last Tue)
NIFTY,Weekly,2025-12,2025-12-30,Tuesday,2025-12-30,Tuesday,Tuesday,No,0,False,NIFTY weekly (Tue)
